Station,Year,Month,Day,Daily Rainfall Total (mm),Highest 30 min Rainfall (mm),Highest 60 min Rainfall (mm),Highest 120 min Rainfall (mm),Mean Temperature (°C),Maximum Temperature (°C),Minimum Temperature (°C),Mean Wind Speed (km/h),Max Wind Speed (km/h)
Paya Lebar,2024,2,1,0,0,0,0,    28.7,    33.1,    26.0,    11.2,    35.2
Paya Lebar,2024,2,2,0,0,0,0,    28.8,    33.5,    25.9,    10.0,    35.2
Paya Lebar,2024,2,3,0,0,0,0,    29.0,    34.6,    26.0,    10.3,    29.6
Paya Lebar,2024,2,4,0,0,0,0,    29.1,    34.0,    25.1,     8.6,    25.9
Paya Lebar,2024,2,5,0,0,0,0,    29.0,    34.4,    25.5,    11.0,    37.0
Paya Lebar,2024,2,6,42.4,35.2,40.4,42.4,    28.5,    34.4,    24.2,     7.9,    29.6
Paya Lebar,2024,2,7,0,0,0,0,    28.8,    34.3,    25.9,     9.3,    33.3
Paya Lebar,2024,2,8,0.2,0.2,0.2,0.2,    28.9,    33.9,    25.9,     9.2,    25.9
Paya Lebar,2024,2,9,21.6,11,14.6,20.8,    27.8,    33.6,    25.7,     8.3,    29.6
Paya Lebar,2024,2,10,11.6,4.4,6.6,10.2,    28.1,    33.2,    24.8,    10.6,    33.3
Paya Lebar,2024,2,11,8.8,6.2,7.8,8.8,    28.3,    33.5,    24.7,    11.1,    40.7
Paya Lebar,2024,2,12,5.2,1.8,1.8,8.6,    26.7,    29.7,    25.2,     9.1,    40.7
Paya Lebar,2024,2,13,21.8,17.4,17.8,18.8,    27.1,    30.2,    24.3,    10.0,    53.7
Paya Lebar,2024,2,14,1.6,1.2,1.2,1.2,    28.2,    32.8,    25.4,    10.9,    42.6
Paya Lebar,2024,2,15,13.8,12,12.4,12.4,    27.3,    30.9,    25.1,     8.7,    37.0
Paya Lebar,2024,2,16,0.2,0.2,0.2,0.2,    28.3,    32.6,    26.2,    11.0,    40.7
Paya Lebar,2024,2,17,0,0,0,0,    28.5,    33.1,    25.7,    11.1,    40.7
Paya Lebar,2024,2,18,0,0,0,0,    29.0,    34.1,    25.8,    10.5,    35.2
Paya Lebar,2024,2,19,0,0,0,0,    29.4,    34.3,    26.3,    12.1,    37.0
Paya Lebar,2024,2,20,0,0,0,0,    29.4,    34.1,    26.4,    10.9,    29.6
Paya Lebar,2024,2,21,0.6,0.6,0.6,0.6,    28.7,    34.1,    26.5,     8.6,    24.1
Paya Lebar,2024,2,22,0,0,0,0,    28.8,    33.2,    25.6,     8.2,    29.6
Paya Lebar,2024,2,23,0,0,0,0,    29.0,    33.4,    26.2,    10.9,    33.3
Paya Lebar,2024,2,24,0,0,0,0,    28.8,    32.8,    26.2,    10.2,    33.3
Paya Lebar,2024,2,25,0,0,0,0,    29.4,    34.5,    25.8,    10.4,    37.0
Paya Lebar,2024,2,26,0,0,0,0,    29.3,    34.4,    26.3,    13.0,    37.0
Paya Lebar,2024,2,27,0.4,0.4,0.4,0.4,    28.5,    30.7,    26.8,     9.6,    35.2
Paya Lebar,2024,2,28,0,0,0,0,    29.3,    33.5,    26.5,    11.6,    37.0
Paya Lebar,2024,2,29,0,0,0,0,    29.8,    34.9,    26.4,    11.6,    38.9
Macritchie Reservoir,2024,2,1,0,0,0,0,-,-,-,-,-
Macritchie Reservoir,2024,2,2,15.4,11.6,15.4,15.4,-,-,-,-,-
Macritchie Reservoir,2024,2,3,3,2.6,2.8,2.8,-,-,-,-,-
Macritchie Reservoir,2024,2,4,0,0,0,0,-,-,-,-,-
Macritchie Reservoir,2024,2,5,0,0,0,0,-,-,-,-,-
Macritchie Reservoir,2024,2,6,0.8,0.6,0.6,0.8,-,-,-,-,-
Macritchie Reservoir,2024,2,7,0,0,0,0,-,-,-,-,-
Macritchie Reservoir,2024,2,8,5.2,4.8,5,5.2,-,-,-,-,-
Macritchie Reservoir,2024,2,9,35.6,18,29,35.4,-,-,-,-,-
Macritchie Reservoir,2024,2,10,23.4,20.4,22.6,23,-,-,-,-,-
Macritchie Reservoir,2024,2,11,1.8,1.4,1.4,23,-,-,-,-,-
Macritchie Reservoir,2024,2,12,4,3,3.2,3.8,-,-,-,-,-
Macritchie Reservoir,2024,2,13,7.6,4.8,5,5.2,-,-,-,-,-
Macritchie Reservoir,2024,2,14,2.6,1.8,1.8,1.8,-,-,-,-,-
Macritchie Reservoir,2024,2,15,7.4,5.4,6.2,6.6,-,-,-,-,-
Macritchie Reservoir,2024,2,16,0,0,0,0,-,-,-,-,-
Macritchie Reservoir,2024,2,17,0,0,0,0,-,-,-,-,-
Macritchie Reservoir,2024,2,18,0,0,0,0,-,-,-,-,-
Macritchie Reservoir,2024,2,19,0,0,0,0,-,-,-,-,-
Macritchie Reservoir,2024,2,20,1,0.6,1,1,-,-,-,-,-
Macritchie Reservoir,2024,2,21,1.2,1,1.2,1.2,-,-,-,-,-
Macritchie Reservoir,2024,2,22,20.6,14.4,17.6,20.6,-,-,-,-,-
Macritchie Reservoir,2024,2,23,0,0,0,0,-,-,-,-,-
Macritchie Reservoir,2024,2,24,0,0,0,0,-,-,-,-,-
Macritchie Reservoir,2024,2,25,0,0,0,0,-,-,-,-,-
Macritchie Reservoir,2024,2,26,0,0,0,0,-,-,-,-,-
Macritchie Reservoir,2024,2,27,0.4,0.2,0.2,0.4,-,-,-,-,-
Macritchie Reservoir,2024,2,28,0,0,0,0,-,-,-,-,-
Macritchie Reservoir,2024,2,29,0,0,0,0,-,-,-,-,-
Lower Peirce Reservoir,2024,2,1,0,0,0,0,-,-,-,-,-
Lower Peirce Reservoir,2024,2,2,0.8,0.8,0.8,0.8,-,-,-,-,-
Lower Peirce Reservoir,2024,2,3,0,0,0,0,-,-,-,-,-
Lower Peirce Reservoir,2024,2,4,0,0,0,0,-,-,-,-,-
Lower Peirce Reservoir,2024,2,5,0,0,0,0,-,-,-,-,-
Lower Peirce Reservoir,2024,2,6,4.2,4,4,4,-,-,-,-,-
Lower Peirce Reservoir,2024,2,7,0,0,0,0,-,-,-,-,-
Lower Peirce Reservoir,2024,2,8,27,21.2,21.4,26.8,-,-,-,-,-
Lower Peirce Reservoir,2024,2,9,40,19.4,31.4,38.8,-,-,-,-,-
Lower Peirce Reservoir,2024,2,10,9.8,8.8,9.2,9.6,-,-,-,-,-
Lower Peirce Reservoir,2024,2,11,0.4,0.4,0.6,9.6,-,-,-,-,-
Lower Peirce Reservoir,2024,2,12,6.4,4.8,4.8,6.4,-,-,-,-,-
Lower Peirce Reservoir,2024,2,13,8.6,2.8,3.2,3.2,-,-,-,-,-
Lower Peirce Reservoir,2024,2,14,4.8,0.8,1,1.8,-,-,-,-,-
Lower Peirce Reservoir,2024,2,15,11.6,8.2,10.6,10.6,-,-,-,-,-
Lower Peirce Reservoir,2024,2,16,0,0,0,0,-,-,-,-,-
Lower Peirce Reservoir,2024,2,17,0.8,0.8,0.8,0.8,-,-,-,-,-
Lower Peirce Reservoir,2024,2,18,0,0,0,0,-,-,-,-,-
Lower Peirce Reservoir,2024,2,19,0,0,0,0,-,-,-,-,-
Lower Peirce Reservoir,2024,2,20,0.2,0.2,0.2,0.2,-,-,-,-,-
Lower Peirce Reservoir,2024,2,21,19.6,18.4,19.6,19.6,-,-,-,-,-
Lower Peirce Reservoir,2024,2,22,0.2,0.2,0.2,0.2,-,-,-,-,-
Lower Peirce Reservoir,2024,2,23,0,0,0,0,-,-,-,-,-
Lower Peirce Reservoir,2024,2,24,0,0,0,0,-,-,-,-,-
Lower Peirce Reservoir,2024,2,25,0,0,0,0,-,-,-,-,-
Lower Peirce Reservoir,2024,2,26,0,0,0,0,-,-,-,-,-
Lower Peirce Reservoir,2024,2,27,1,1,1,1,-,-,-,-,-
Lower Peirce Reservoir,2024,2,28,0,0,0,0,-,-,-,-,-
Lower Peirce Reservoir,2024,2,29,0,0,0,0,-,-,-,-,-
Admiralty,2024,2,1,0,0,0,0,    27.6,    31.3,    25.7,    14.1,    36.3
Admiralty,2024,2,2,1,0.8,0.8,0.8,    27.5,    32.0,    25.8,    11.9,    35.6
Admiralty,2024,2,3,0,0,0,0,    28.0,    32.7,    25.4,    11.7,    31.3
Admiralty,2024,2,4,0,0,0,0,    28.3,    33.0,    25.4,     9.9,    28.9
Admiralty,2024,2,5,0,0,0,0,    28.1,    32.8,    25.3,    12.1,    38.5
Admiralty,2024,2,6,0.2,0.2,0.2,0.2,    28.1,    33.0,    25.3,     9.0,    29.4
Admiralty,2024,2,7,0,0,0,0,    28.0,    32.9,    25.7,    11.1,    35.9
Admiralty,2024,2,8,18.8,18.2,18.8,18.8,    27.9,    33.2,    25.1,     9.9,    38.9
Admiralty,2024,2,9,35.2,16,18.8,34.6,    27.2,    31.9,    24.3,    10.1,    33.5
Admiralty,2024,2,10,2.4,1.2,2.2,2.4,    27.2,    31.8,    24.2,    14.3,    41.5
Admiralty,2024,2,11,0,0,0,1.2,    27.6,    31.4,    25.4,    15.0,    42.0
Admiralty,2024,2,12,7,5.8,5.8,5.8,    26.5,    29.4,    23.7,    14.1,    58.3
Admiralty,2024,2,13,14,9.8,9.8,11,    26.4,    28.9,    24.4,    15.6,    52.6
Admiralty,2024,2,14,9.2,5.8,5.8,6.6,    27.0,    30.8,    24.2,    13.0,    43.9
Admiralty,2024,2,15,1,0.6,0.8,0.8,    26.8,    28.6,    25.6,    13.2,    42.4
Admiralty,2024,2,16,0,0,0,0,    27.4,    31.1,    25.9,    15.3,    51.1
Admiralty,2024,2,17,3,2.4,3,3,    27.2,    30.8,    25.3,    13.1,    42.0
Admiralty,2024,2,18,0,0,0,0,    27.9,    32.3,    25.4,    12.6,    32.0
Admiralty,2024,2,19,0,0,0,0,    28.2,    32.6,    25.7,    12.7,    36.3
Admiralty,2024,2,20,21.6,19,21.6,21.6,-,-,-,-,-
Admiralty,2024,2,21,38,27.4,36.4,38,-,-,-,-,-
Admiralty,2024,2,22,2,1.8,1.8,1.8,    28.3,    33.8,    25.9,    10.1,    31.7
Admiralty,2024,2,23,0,0,0,0,    28.0,    31.7,    25.8,    13.1,    35.6
Admiralty,2024,2,24,0.4,0.2,0.2,0.4,    27.9,    30.9,    25.9,    12.5,    35.6
Admiralty,2024,2,25,0,0,0,0,    28.4,    33.0,    25.4,    14.1,    37.4
Admiralty,2024,2,26,0,0,0,0,    28.2,    32.0,    26.0,    16.7,    42.8
Admiralty,2024,2,27,0,0,0,0,    27.7,    30.5,    26.4,    13.6,    39.6
Admiralty,2024,2,28,0,0,0,0,    28.1,    31.9,    26.2,    16.5,    43.9
Admiralty,2024,2,29,0,0,0,0,    28.6,    33.5,    25.7,    14.1,    38.5
Pulau Ubin,2024,2,1,0,0,0,0,    27.7,    32.1,    25.2,     6.9,    27.8
Pulau Ubin,2024,2,2,0,0,0,0,    27.7,    31.6,    25.2,     6.2,    28.2
Pulau Ubin,2024,2,3,0,0,0,0,    28.1,    32.9,    25.2,     6.5,    25.9
Pulau Ubin,2024,2,4,0,0,0,0,    27.9,    33.4,    24.1,     5.5,    23.7
Pulau Ubin,2024,2,5,0,0,0,0,    27.7,    32.7,    24.2,     6.1,    24.8
Pulau Ubin,2024,2,6,4.4,4.2,4.2,4.2,    27.6,    33.2,    24.2,     4.9,    25.9
Pulau Ubin,2024,2,7,0,0,0,0.2,    27.7,    32.7,    24.8,     5.6,    27.8
Pulau Ubin,2024,2,8,0,0,0,0,    28.0,    32.5,    25.0,     4.9,    28.2
Pulau Ubin,2024,2,9,0,0,0,0,    27.9,    32.7,    25.3,     6.2,    21.3
Pulau Ubin,2024,2,10,11.4,5.6,7,10,    27.4,    32.6,    23.9,     6.5,    24.4
Pulau Ubin,2024,2,11,16.4,10.2,13.8,15.8,    27.1,    31.9,    24.1,     6.9,    32.0
Pulau Ubin,2024,2,12,8.2,3.2,4.2,10.4,    26.5,    29.7,    25.0,     7.1,    35.9
Pulau Ubin,2024,2,13,20.6,17.8,18.6,19.2,    26.8,    29.7,    24.5,     7.9,    29.1
Pulau Ubin,2024,2,14,5.6,3.2,3.4,3.6,    27.5,    31.7,    25.1,     6.3,    29.1
Pulau Ubin,2024,2,15,13.2,9.6,10.2,10.2,    26.9,    30.3,    24.9,     6.7,    28.5
Pulau Ubin,2024,2,16,0.8,0.8,0.8,0.8,    27.7,    31.8,    25.5,     8.1,    31.7
Pulau Ubin,2024,2,17,0,0,0,0,    27.2,    31.0,    24.5,     6.0,    28.9
Pulau Ubin,2024,2,18,0,0,0,0,    27.8,    32.0,    24.6,     5.9,    25.6
Pulau Ubin,2024,2,19,0,0,0,0,    28.1,    32.5,    24.9,     6.2,    24.4
Pulau Ubin,2024,2,20,0,0,0,0,    28.3,    33.1,    25.2,     5.6,    25.9
Pulau Ubin,2024,2,21,12.2,9.6,12.2,12.2,    27.8,    32.5,    25.2,     4.8,    21.7
Pulau Ubin,2024,2,22,0,0,0,0,    28.0,    32.6,    24.8,     4.4,    22.0
Pulau Ubin,2024,2,23,0,0,0,0,    28.1,    32.0,    25.2,     6.5,    25.6
Pulau Ubin,2024,2,24,0,0,0,0,    28.0,    32.1,    24.9,     6.5,    28.2
Pulau Ubin,2024,2,25,0,0,0,0,    28.2,    32.5,    24.4,     6.8,    26.7
Pulau Ubin,2024,2,26,0,0,0,0,    28.6,    32.1,    26.0,     8.4,    28.5
Pulau Ubin,2024,2,27,0,0,0,0,    28.0,    30.2,    26.6,     6.7,    24.4
Pulau Ubin,2024,2,28,0.2,0.2,0.2,0.2,    28.4,    31.8,    25.4,     7.9,    29.8
Pulau Ubin,2024,2,29,0,0,0,0,    28.6,    33.1,    25.3,     7.4,    25.2
East Coast Parkway,2024,2,1,0,0,0,0,    28.1,    31.1,    26.4,    13.5,    46.5
East Coast Parkway,2024,2,2,0,0,0,0,    28.3,    30.7,    26.6,    13.8,    51.5
East Coast Parkway,2024,2,3,0,0,0,0,    28.5,    32.0,    26.8,    13.0,    48.5
East Coast Parkway,2024,2,4,0,0,0,0,    28.5,    31.7,    26.3,    11.7,    37.4
East Coast Parkway,2024,2,5,0,0,0,0,    28.4,    32.3,    26.2,    13.3,    47.8
East Coast Parkway,2024,2,6,21.2,19,20.8,21.2,    28.3,    32.3,    26.0,    10.2,    38.2
East Coast Parkway,2024,2,7,0,0,0,0,    28.5,    31.6,    26.5,    11.9,    41.9
East Coast Parkway,2024,2,8,0,0,0,0,    28.6,    32.1,    26.6,     9.6,    34.6
East Coast Parkway,2024,2,9,0.8,0.8,0.8,0.8,    28.4,    31.3,    26.8,    11.1,    34.6
East Coast Parkway,2024,2,10,3.6,2.8,3.2,3.6,    27.8,    31.3,    25.3,    11.9,    40.0
East Coast Parkway,2024,2,11,12.6,6.2,8.2,9.8,    27.8,    31.0,    24.9,    13.2,    51.9
East Coast Parkway,2024,2,12,9.4,4.4,4.6,7.4,    26.9,    29.3,    25.0,    11.3,    51.5
East Coast Parkway,2024,2,13,6.6,5.4,5.4,5.6,    27.3,    29.4,    25.6,    13.4,    54.1
East Coast Parkway,2024,2,14,0.8,0.4,0.4,0.4,    28.2,    30.8,    26.3,    12.0,    39.6
East Coast Parkway,2024,2,15,2.8,1.6,1.6,1.6,    27.5,    30.0,    26.0,    11.5,    41.9
East Coast Parkway,2024,2,16,0,0,0,0,    28.2,    30.9,    26.9,    15.0,    54.1
East Coast Parkway,2024,2,17,0,0,0,0,    28.0,    30.1,    26.7,    12.2,    43.9
East Coast Parkway,2024,2,18,0,0,0,0,    28.5,    31.4,    26.6,    12.0,    40.0
East Coast Parkway,2024,2,19,0,0,0,0,    28.8,    31.9,    26.7,    11.1,    33.9
East Coast Parkway,2024,2,20,0,0,0,0,    28.9,    32.8,    27.0,    11.2,    40.0
East Coast Parkway,2024,2,21,6.6,5.8,6.2,6.6,    28.4,    32.0,    25.5,    11.4,    42.0
East Coast Parkway,2024,2,22,2.4,2.4,2.4,2.4,    28.3,    31.1,    26.7,     9.1,    33.9
East Coast Parkway,2024,2,23,0,0,0,0,    28.7,    31.6,    26.9,    13.3,    42.0
East Coast Parkway,2024,2,24,0,0,0,0,    28.6,    31.2,    26.8,    13.6,    44.6
East Coast Parkway,2024,2,25,0,0,0,0,    28.9,    32.1,    26.8,    13.5,    41.9
East Coast Parkway,2024,2,26,0.2,0.2,0.2,0.2,    28.8,    31.6,    27.1,    14.0,    46.1
East Coast Parkway,2024,2,27,3.6,1.6,2,3.6,    28.2,    30.1,    26.6,    12.9,    50.4
East Coast Parkway,2024,2,28,0,0,0,0,    28.8,    31.2,    27.5,    15.5,    49.3
East Coast Parkway,2024,2,29,0,0,0,0,    29.0,    32.2,    26.7,    13.6,    43.9
Marina Barrage,2024,2,1,0,0,0,0,-,-,-,11,32.8
Marina Barrage,2024,2,2,10,9.6,9.6,9.8,-,-,-,9.2,35.2
Marina Barrage,2024,2,3,22.4,21.4,22.4,22.4,-,-,-,9.3,40.7
Marina Barrage,2024,2,4,0,0,0,0,-,-,-,9.2,30.2
Marina Barrage,2024,2,5,0,0,0,0,-,-,-,10.3,32.8
Marina Barrage,2024,2,6,0,0,0,0,-,-,-,8,26.7
Marina Barrage,2024,2,7,0,0,0,0,-,-,-,10,30.2
Marina Barrage,2024,2,8,3.8,3.4,3.8,3.8,-,-,-,6.7,23.3
Marina Barrage,2024,2,9,22.4,19.4,20.4,22.4,-,-,-,8.4,28.5
Marina Barrage,2024,2,10,10.2,5.4,8,9.4,-,-,-,11.4,70.2
Marina Barrage,2024,2,11,8.2,7.2,8,8.2,-,-,-,11.6,42.8
Marina Barrage,2024,2,12,8,3,3,8.4,-,-,-,11.9,42.4
Marina Barrage,2024,2,13,10.4,9.6,10,10,-,-,-,13.4,38.9
Marina Barrage,2024,2,14,0,0,0,0,-,-,-,10.4,37.8
Marina Barrage,2024,2,15,5.6,3.8,4,4.4,-,-,-,12.5,38.2
Marina Barrage,2024,2,16,0,0,0,0,-,-,-,12.3,48.5
Marina Barrage,2024,2,17,0,0,0,0,-,-,-,10.2,39.6
Marina Barrage,2024,2,18,0,0,0,0,-,-,-,9.3,29.4
Marina Barrage,2024,2,19,0,0,0,0,-,-,-,9.7,30.2
Marina Barrage,2024,2,20,0,0,0,0,-,-,-,8.5,26.7
Marina Barrage,2024,2,21,0,0,0,0,-,-,-,7.6,26.7
Marina Barrage,2024,2,22,1.8,1.8,1.8,1.8,-,-,-,6.2,22.6
Marina Barrage,2024,2,23,0,0,0,0,-,-,-,9.6,29.8
Marina Barrage,2024,2,24,0,0,0,0,-,-,-,9.7,36.7
Marina Barrage,2024,2,25,0,0,0,0,-,-,-,10.6,32
Marina Barrage,2024,2,26,0,0,0,0,-,-,-,12,37
Marina Barrage,2024,2,27,1,1,1,1,-,-,-,10.3,38.2
Marina Barrage,2024,2,28,0,0,0,0,-,-,-,12.6,41.1
Marina Barrage,2024,2,29,0,0,0,0,-,-,-,12.9,36.7
Ang Mo Kio,2024,2,1,0,0,0,0,    27.9,    32.3,    26.0,     8.6,    34.3
Ang Mo Kio,2024,2,2,2,2,2,2,    27.8,    31.9,    25.8,     7.4,    34.3
Ang Mo Kio,2024,2,3,0,0,0,0,    28.3,    33.7,    25.6,     7.8,    33.5
Ang Mo Kio,2024,2,4,0,0,0,0,    28.5,    33.2,    25.5,     6.3,    24.4
Ang Mo Kio,2024,2,5,0,0,0,0,    28.3,    33.5,    25.1,     8.2,    31.7
Ang Mo Kio,2024,2,6,15.2,9.2,12.6,15.2,    27.9,    33.3,    25.6,     6.0,    27.4
Ang Mo Kio,2024,2,7,0.2,0.2,0.2,0.2,    28.1,    32.5,    25.5,     7.2,    33.2
Ang Mo Kio,2024,2,8,26.8,13.2,19.6,26.8,    27.9,    33.5,    25.6,     5.7,    38.5
Ang Mo Kio,2024,2,9,37.2,16.6,20.8,33,    27.2,    32.0,    24.7,     7.4,    28.2
Ang Mo Kio,2024,2,10,12.8,11,12,12.6,    27.5,    32.2,    24.4,     8.1,    35.2
Ang Mo Kio,2024,2,11,0.8,0.4,0.6,12.4,    27.7,    31.9,    25.1,     8.8,    42.0
Ang Mo Kio,2024,2,12,4,3.2,3.4,3.8,    26.7,    29.0,    24.6,     8.6,    40.0
Ang Mo Kio,2024,2,13,9.8,4.4,5.6,5.6,    26.5,    29.3,    24.2,     9.2,    50.4
Ang Mo Kio,2024,2,14,4,1.2,1.4,1.8,    27.4,    31.4,    24.5,     7.9,    44.3
Ang Mo Kio,2024,2,15,14,10,13.4,13.4,    26.7,    29.5,    25.3,     7.5,    42.0
Ang Mo Kio,2024,2,16,0,0,0,0,    27.7,    31.6,    25.9,     9.7,    43.5
Ang Mo Kio,2024,2,17,0.2,0.2,0.2,0.2,    27.5,    31.3,    25.5,     7.6,    38.9
Ang Mo Kio,2024,2,18,0,0,0,0,    28.1,    32.1,    25.4,     6.7,    28.9
Ang Mo Kio,2024,2,19,0,0,0,0,    28.6,    33.4,    25.7,     8.2,    31.3
Ang Mo Kio,2024,2,20,0,0,0,0,    28.6,    33.6,    25.8,     6.9,    28.2
Ang Mo Kio,2024,2,21,22,21.6,22,22,    27.9,    34.3,    24.7,     6.1,    37.8
Ang Mo Kio,2024,2,22,1,1,1,1,    28.2,    33.8,    25.8,     5.4,    26.3
Ang Mo Kio,2024,2,23,0,0,0,0,    28.2,    32.7,    25.8,     7.8,    34.6
Ang Mo Kio,2024,2,24,0,0,0,0,    28.2,    31.7,    25.8,     7.5,    29.1
Ang Mo Kio,2024,2,25,0,0,0,0,    28.7,    33.2,    25.5,     8.6,    40.0
Ang Mo Kio,2024,2,26,0,0,0,0,    28.6,    32.7,    26.2,     9.8,    38.2
Ang Mo Kio,2024,2,27,0,0,0,0,    27.9,    30.5,    26.8,     8.7,    43.2
Ang Mo Kio,2024,2,28,0,0,0,0,    28.4,    31.9,    26.3,    10.0,    46.5
Ang Mo Kio,2024,2,29,0,0,0,0,    28.9,    33.9,    25.7,     8.9,    31.3
Newton,2024,2,1,0,0,0,0,    27.7,    32.1,    25.8,     7.4,    35.0
Newton,2024,2,2,21.6,16.8,21.2,21.4,    27.4,    32.5,    24.8,     6.4,    33.5
Newton,2024,2,3,13.4,6.4,6.4,11.6,    27.7,    33.5,    23.5,     7.4,    38.5
Newton,2024,2,4,0,0,0,0,    28.2,    33.9,    25.0,     6.3,    26.3
Newton,2024,2,5,0,0,0,0,    28.4,    34.6,    25.3,     6.9,    32.8
Newton,2024,2,6,0,0,0,0,    28.1,    33.2,    25.6,     5.8,    28.5
Newton,2024,2,7,0,0,0,0,    28.1,    33.1,    25.8,     6.4,    30.9
Newton,2024,2,8,1,1,1,1,    28.0,    34.8,    26.0,     5.5,    29.8
Newton,2024,2,9,30.4,19.4,25.6,30.4,    27.5,    33.0,    24.4,     6.3,    28.9
Newton,2024,2,10,29,21.4,28.8,29,    27.3,    32.1,    24.1,     7.4,    31.7
Newton,2024,2,11,3.6,2.6,6,29.2,    27.5,    32.4,    24.5,     7.8,    37.8
Newton,2024,2,12,4,1.8,1.8,3.4,    26.3,    29.0,    24.7,     7.9,    50.7
Newton,2024,2,13,13.6,10,10.2,10.8,    26.3,    28.6,    23.9,     8.1,    42.0
Newton,2024,2,14,0.2,0.2,0.2,0.2,    27.5,    31.0,    25.4,     8.2,    40.7
Newton,2024,2,15,7.6,6,6,7,    26.5,    30.1,    24.8,     7.5,    37.4
Newton,2024,2,16,0.4,0.4,0.4,0.4,    27.7,    31.3,    26.1,     8.3,    43.2
Newton,2024,2,17,1.8,1.8,1.8,1.8,    27.6,    31.7,    25.9,     7.4,    35.0
Newton,2024,2,18,0,0,0,0,    28.2,    32.4,    25.9,     6.3,    31.3
Newton,2024,2,19,0,0,0,0,    28.3,    33.2,    26.0,     7.9,    32.0
Newton,2024,2,20,0,0,0,0,    28.6,    34.0,    26.2,     6.9,    27.0
Newton,2024,2,21,1.4,1.4,1.4,1.4,    28.2,    33.6,    26.1,     6.3,    30.2
Newton,2024,2,22,52.8,32,45.8,52.8,    27.8,    33.0,    24.0,     6.0,    40.0
Newton,2024,2,23,0.2,0.2,0.2,0.2,    28.0,    32.9,    26.1,     6.8,    30.9
Newton,2024,2,24,0,0,0,0,    28.0,    31.0,    26.0,     7.2,    30.6
Newton,2024,2,25,0,0,0,0,    28.5,    32.6,    25.8,     8.1,    32.4
Newton,2024,2,26,0,0,0,0,    28.3,    31.8,    26.5,     9.0,    38.2
Newton,2024,2,27,0.6,0.4,0.4,0.6,    27.7,    29.6,    26.8,     7.9,    42.0
Newton,2024,2,28,0,0,0,0,    28.3,    32.1,    26.5,     8.7,    37.4
Newton,2024,2,29,0,0,0,0,    28.7,    33.4,    25.9,     7.8,    35.6
Lim Chu Kang,2024,2,1,0.8,0.8,0.8,0.8,-,-,-,-,-
Lim Chu Kang,2024,2,2,9.2,8,8.2,8.6,-,-,-,-,-
Lim Chu Kang,2024,2,3,8.8,7,8.4,8.6,-,-,-,-,-
Lim Chu Kang,2024,2,4,0,0,0,0,-,-,-,-,-
Lim Chu Kang,2024,2,5,0,0,0,0,-,-,-,-,-
Lim Chu Kang,2024,2,6,1.6,1.6,1.6,1.6,-,-,-,-,-
Lim Chu Kang,2024,2,7,0,0,0,0,-,-,-,-,-
Lim Chu Kang,2024,2,8,18.4,16.4,18.2,18.4,-,-,-,-,-
Lim Chu Kang,2024,2,9,12.6,5.2,8,11.6,-,-,-,-,-
Lim Chu Kang,2024,2,10,6,4.6,5.6,5.8,-,-,-,-,-
Lim Chu Kang,2024,2,11,0.2,0.2,0.2,5.8,-,-,-,-,-
Lim Chu Kang,2024,2,12,1,0.6,0.6,0.8,-,-,-,-,-
Lim Chu Kang,2024,2,13,4.2,2.4,2.6,2.6,-,-,-,-,-
Lim Chu Kang,2024,2,14,4,1.6,1.8,2.8,-,-,-,-,-
Lim Chu Kang,2024,2,15,2,1.8,1.8,1.8,-,-,-,-,-
Lim Chu Kang,2024,2,16,0.2,0.2,0.2,0.2,-,-,-,-,-
Lim Chu Kang,2024,2,17,1.4,1.2,1.2,1.2,-,-,-,-,-
Lim Chu Kang,2024,2,18,0.2,0.2,0.2,0.2,-,-,-,-,-
Lim Chu Kang,2024,2,19,1.4,1.2,1.2,1.2,-,-,-,-,-
Lim Chu Kang,2024,2,20,0,0,0,0,-,-,-,-,-
Lim Chu Kang,2024,2,21,41.6,37.6,41.4,41.6,-,-,-,-,-
Lim Chu Kang,2024,2,22,26.6,26.2,26.6,26.6,-,-,-,-,-
Lim Chu Kang,2024,2,23,5.2,2.8,3.6,5,-,-,-,-,-
Lim Chu Kang,2024,2,24,0,0,0,0,-,-,-,-,-
Lim Chu Kang,2024,2,25,0,0,0,0,-,-,-,-,-
Lim Chu Kang,2024,2,26,0,0,0,0,-,-,-,-,-
Lim Chu Kang,2024,2,27,0.2,0.2,0.2,0.2,-,-,-,-,-
Lim Chu Kang,2024,2,28,0.4,0.4,0.4,0.4,-,-,-,-,-
Lim Chu Kang,2024,2,29,0,0,0,0,-,-,-,-,-
Marine Parade,2024,2,1,0,0,0,0,-,-,-,-,-
Marine Parade,2024,2,2,0,0,0,0,-,-,-,-,-
Marine Parade,2024,2,3,0,0,0,0,-,-,-,-,-
Marine Parade,2024,2,4,0,0,0,0,-,-,-,-,-
Marine Parade,2024,2,5,0,0,0,0,-,-,-,-,-
Marine Parade,2024,2,6,37.6,32.2,37,37.2,-,-,-,-,-
Marine Parade,2024,2,7,0,0,0,0,-,-,-,-,-
Marine Parade,2024,2,8,0,0,0,0,-,-,-,-,-
Marine Parade,2024,2,9,0.4,0.4,0.4,0.4,-,-,-,-,-
Marine Parade,2024,2,10,6.6,4.8,5.2,6.2,-,-,-,-,-
Marine Parade,2024,2,11,8.4,5.2,7.4,8.2,-,-,-,-,-
Marine Parade,2024,2,12,9.2,3.2,3.6,7.6,-,-,-,-,-
Marine Parade,2024,2,13,17.4,16.4,16.6,16.8,-,-,-,-,-
Marine Parade,2024,2,14,0.6,0.4,0.4,0.4,-,-,-,-,-
Marine Parade,2024,2,15,4.8,3.2,3.2,3.6,-,-,-,-,-
Marine Parade,2024,2,16,0,0,0,0,-,-,-,-,-
Marine Parade,2024,2,17,0,0,0,0,-,-,-,-,-
Marine Parade,2024,2,18,0,0,0,0,-,-,-,-,-
Marine Parade,2024,2,19,0,0,0,0,-,-,-,-,-
Marine Parade,2024,2,20,0,0,0,0,-,-,-,-,-
Marine Parade,2024,2,21,17.6,17.2,17.6,17.6,-,-,-,-,-
Marine Parade,2024,2,22,1,0.8,1,1,-,-,-,-,-
Marine Parade,2024,2,23,0,0,0,0,-,-,-,-,-
Marine Parade,2024,2,24,0,0,0,0,-,-,-,-,-
Marine Parade,2024,2,25,0,0,0,0,-,-,-,-,-
Marine Parade,2024,2,26,0,0,0,0,-,-,-,-,-
Marine Parade,2024,2,27,4.2,3,3,3.8,-,-,-,-,-
Marine Parade,2024,2,28,0,0,0,0,-,-,-,-,-
Marine Parade,2024,2,29,0,0,0,0,-,-,-,-,-
Choa Chu Kang (Central),2024,2,1,0,0,0,0,-,-,-,-,-
Choa Chu Kang (Central),2024,2,2,25.2,9.6,10.8,16.6,-,-,-,-,-
Choa Chu Kang (Central),2024,2,3,60.8,36.8,50.6,58.4,-,-,-,-,-
Choa Chu Kang (Central),2024,2,4,0,0,0,0,-,-,-,-,-
Choa Chu Kang (Central),2024,2,5,0,0,0,0,-,-,-,-,-
Choa Chu Kang (Central),2024,2,6,0.6,0.6,0.6,0.6,-,-,-,-,-
Choa Chu Kang (Central),2024,2,7,0,0,0,0,-,-,-,-,-
Choa Chu Kang (Central),2024,2,8,10.8,6.2,9.4,10.8,-,-,-,-,-
Choa Chu Kang (Central),2024,2,9,16.4,13,15.4,16.4,-,-,-,-,-
Choa Chu Kang (Central),2024,2,10,10,6.8,9.2,9.6,-,-,-,-,-
Choa Chu Kang (Central),2024,2,11,0,0.4,0.4,7.4,-,-,-,-,-
Choa Chu Kang (Central),2024,2,12,6,3.6,3.6,3.6,-,-,-,-,-
Choa Chu Kang (Central),2024,2,13,11.4,5.8,7.8,8.4,-,-,-,-,-
Choa Chu Kang (Central),2024,2,14,15.2,8,8,8.6,-,-,-,-,-
Choa Chu Kang (Central),2024,2,15,2.6,1,1,2,-,-,-,-,-
Choa Chu Kang (Central),2024,2,16,0,0,0,0,-,-,-,-,-
Choa Chu Kang (Central),2024,2,17,2.6,2.2,2.6,2.6,-,-,-,-,-
Choa Chu Kang (Central),2024,2,18,0,0,0,0,-,-,-,-,-
Choa Chu Kang (Central),2024,2,19,2.8,2,2.4,2.6,-,-,-,-,-
Choa Chu Kang (Central),2024,2,20,3,2.4,2.6,2.6,-,-,-,-,-
Choa Chu Kang (Central),2024,2,21,6.4,6.4,6.4,6.4,-,-,-,-,-
Choa Chu Kang (Central),2024,2,22,3.8,1.6,2.2,3.6,-,-,-,-,-
Choa Chu Kang (Central),2024,2,23,7.4,5.2,6.2,7.2,-,-,-,-,-
Choa Chu Kang (Central),2024,2,24,1.6,1.4,1.4,1.4,-,-,-,-,-
Choa Chu Kang (Central),2024,2,25,0,0,0,0,-,-,-,-,-
Choa Chu Kang (Central),2024,2,26,0,0,0,0,-,-,-,-,-
Choa Chu Kang (Central),2024,2,27,1.2,1.2,1.2,1.2,-,-,-,-,-
Choa Chu Kang (Central),2024,2,28,0,0,0,0,-,-,-,-,-
Choa Chu Kang (Central),2024,2,29,0,0,0,0,-,-,-,-,-
Tuas South,2024,2,1,5,5,5,5,    28.3,    33.3,    25.4,     4.3,    25.9
Tuas South,2024,2,2,49.8,33.6,38.8,46.2,    27.2,    32.2,    24.5,     4.2,    30.9
Tuas South,2024,2,3,8.4,7,7.2,8,    27.6,    33.1,    25.2,     4.7,    22.6
Tuas South,2024,2,4,0,0,0,0,    28.4,    32.2,    25.9,     5.8,    20.6
Tuas South,2024,2,5,0,0,0,0,    28.7,    33.7,    25.9,     5.5,    21.7
Tuas South,2024,2,6,0,0,0,0,    28.7,    33.1,    26.2,     5.3,    19.1
Tuas South,2024,2,7,30.8,25.4,28.8,30.4,    27.6,    33.5,    23.9,     4.4,    32.4
Tuas South,2024,2,8,0,0,0,0,    28.6,    32.4,    26.1,     4.1,    19.8
Tuas South,2024,2,9,8,6.6,7.6,8,    27.8,    31.1,    26.2,     4.0,    20.6
Tuas South,2024,2,10,5,3.8,4.8,5,    28.1,    34.0,    24.2,     6.1,    22.0
Tuas South,2024,2,11,0.2,0.2,2,5,    28.4,    33.4,    25.1,     5.6,    23.3
Tuas South,2024,2,12,3.8,3.8,3.8,3.8,    27.2,    30.8,    25.8,     6.0,    25.6
Tuas South,2024,2,13,6,3.8,3.8,4.8,    27.1,    30.1,    25.2,     5.0,    23.3
Tuas South,2024,2,14,16.4,7.2,7.6,8,    27.1,    30.7,    25.4,     3.4,    24.1
Tuas South,2024,2,15,1.2,0.6,0.6,0.6,    27.5,    29.9,    26.2,     4.7,    22.4
Tuas South,2024,2,16,0,0,0,0,    28.4,    31.9,    26.6,     5.1,    26.3
Tuas South,2024,2,17,0,0,0,0,    28.2,    32.8,    25.6,     4.5,    27.0
Tuas South,2024,2,18,0.4,0.2,0.2,0.2,    28.2,    32.6,    26.0,     3.8,    21.7
Tuas South,2024,2,19,1.6,1,1.2,1.4,    28.3,    31.7,    26.2,     3.9,    19.4
Tuas South,2024,2,20,0,0,0,0,    28.8,    32.7,    26.3,     4.4,    23.0
Tuas South,2024,2,21,7.6,7.6,7.6,7.6,    28.4,    33.0,    25.1,     4.4,    20.9
Tuas South,2024,2,22,3.8,3.8,3.8,3.8,    28.5,    31.9,    26.2,     4.2,    22.0
Tuas South,2024,2,23,0.6,0.4,0.4,0.4,    28.4,    32.8,    26.5,     3.8,    18.7
Tuas South,2024,2,24,0.4,0.4,0.4,0.4,    28.4,    31.4,    26.5,     3.7,    19.1
Tuas South,2024,2,25,0,0,0,0,    29.4,    34.6,    26.1,     4.9,    20.9
Tuas South,2024,2,26,0,0,0,0,    29.6,    33.4,    26.8,     5.0,    21.3
Tuas South,2024,2,27,0,0,0,0,    28.3,    30.7,    27.1,     4.1,    25.9
Tuas South,2024,2,28,0,0,0,0,    29.3,    33.9,    26.6,     4.7,    23.0
Tuas South,2024,2,29,0,0,0,0,    29.1,    34.7,    26.1,     5.8,    22.0
Pasir Panjang,2024,2,1,0,0,0,0,    28.5,    32.7,    26.5,    15.7,    44.6
Pasir Panjang,2024,2,2,7.2,6,6.2,6.8,    27.7,    32.8,    25.1,    15.1,    48.2
Pasir Panjang,2024,2,3,42.2,28.2,34,35.6,    27.4,    33.0,    22.4,    17.3,    64.4
Pasir Panjang,2024,2,4,0,0,0,0,    28.3,    32.6,    25.9,    17.7,    43.2
Pasir Panjang,2024,2,5,7,3.8,7,7,    28.5,    34.3,    26.1,    16.2,    45.4
Pasir Panjang,2024,2,6,0,0,0,0,    28.5,    33.3,    26.4,    16.4,    44.3
Pasir Panjang,2024,2,7,11.4,11,11.4,11.4,    28.2,    33.2,    24.8,    17.2,    65.9
Pasir Panjang,2024,2,8,1,1,1,1,    28.3,    32.9,    26.5,    16.7,    42.4
Pasir Panjang,2024,2,9,34.8,20.2,26.4,27.6,    27.5,    31.5,    23.9,    17.3,    55.7
Pasir Panjang,2024,2,10,8.6,8,8.6,8.6,    28.0,    32.1,    24.5,    20.4,    49.3
Pasir Panjang,2024,2,11,0.8,0.8,6.2,8.6,    28.2,    32.4,    24.8,    21.2,    59.4
Pasir Panjang,2024,2,12,2.4,1.2,1.2,2.2,    27.1,    29.6,    25.2,    21.4,    58.0
Pasir Panjang,2024,2,13,4.6,2.8,3.2,3.4,    27.2,    29.4,    25.0,    22.5,    59.8
Pasir Panjang,2024,2,14,1.6,0.8,0.8,0.8,    27.8,    31.9,    25.6,    19.2,    46.5
Pasir Panjang,2024,2,15,4.6,3.8,4,4.6,    27.4,    30.0,    25.8,    21.1,    55.0
Pasir Panjang,2024,2,16,0,0,0,0,    28.3,    32.0,    26.7,    23.0,    58.7
Pasir Panjang,2024,2,17,0,0,0,0,    28.1,    31.6,    26.3,    20.8,    48.2
Pasir Panjang,2024,2,18,0,0,0,0,    28.7,    32.8,    26.2,    19.3,    46.5
Pasir Panjang,2024,2,19,0,0,0,0,    28.7,    32.8,    26.4,    18.7,    46.9
Pasir Panjang,2024,2,20,0,0,0,0,    28.8,    33.0,    26.6,    18.3,    44.3
Pasir Panjang,2024,2,21,0,0,0,0,    28.7,    33.1,    26.7,    18.8,    43.5
Pasir Panjang,2024,2,22,0.2,0.2,0.2,0.2,    28.4,    32.1,    26.6,    19.1,    44.6
Pasir Panjang,2024,2,23,14.6,10.6,13,14.6,    28.1,    32.6,    24.9,    20.6,    50.7
Pasir Panjang,2024,2,24,0,0,0,0,    28.5,    31.7,    26.6,    19.5,    48.2
Pasir Panjang,2024,2,25,0,0,0,0,    29.1,    33.7,    26.3,    22.1,    50.0
Pasir Panjang,2024,2,26,0,0,0,0,    29.0,    33.2,    26.8,    20.3,    54.1
Pasir Panjang,2024,2,27,3.6,3.2,3.2,3.6,    28.2,    30.1,    27.1,    20.0,    50.4
Pasir Panjang,2024,2,28,0,0,0,0,    28.9,    32.5,    26.9,    20.8,    52.6
Pasir Panjang,2024,2,29,0,0,0,0,    29.5,    34.0,    26.6,    20.7,    51.9
Jurong Island,2024,2,1,0,0,0,0,    28.6,    32.7,    26.5,     6.5,    28.9
Jurong Island,2024,2,2,48.8,30.4,33.8,43.6,    27.4,    33.4,    24.2,     5.7,    28.2
Jurong Island,2024,2,3,1.4,0.6,1.2,1.4,    28.1,    33.4,    24.6,     6.6,    32.0
Jurong Island,2024,2,4,0,0,0,0,    28.6,    33.4,    25.6,     6.0,    26.7
Jurong Island,2024,2,5,0,0,0,0,    29.0,    34.4,    26.0,     6.3,    26.7
Jurong Island,2024,2,6,0,0,0,0,    28.6,    33.5,    25.9,     5.9,    24.4
Jurong Island,2024,2,7,27.6,22.8,27.6,27.6,    28.2,    34.5,    24.1,     5.5,    30.6
Jurong Island,2024,2,8,0,0,0,0,    28.6,    32.8,    26.3,     6.2,    29.4
Jurong Island,2024,2,9,21,13,20.4,20.8,    27.9,    32.2,    24.6,     6.6,    27.8
Jurong Island,2024,2,10,4.4,2.4,3.8,4.4,    28.3,    32.8,    24.3,     6.2,    38.2
Jurong Island,2024,2,11,0.2,0.6,0.8,4.4,    28.7,    32.9,    25.0,     6.0,    37.0
Jurong Island,2024,2,12,2.8,2.2,2.2,2.2,    27.3,    31.1,    24.8,     7.0,    41.5
Jurong Island,2024,2,13,5.8,2.2,2.6,3,    27.2,    30.7,    25.1,     6.6,    36.3
Jurong Island,2024,2,14,8.4,5.8,5.8,6,    27.7,    31.2,    25.1,     6.0,    42.4
Jurong Island,2024,2,15,1.4,0.8,1,1,    27.6,    29.4,    26.3,     5.7,    36.3
Jurong Island,2024,2,16,0.2,0.2,0.2,0.2,    28.6,    32.7,    26.6,     6.8,    41.1
Jurong Island,2024,2,17,0,0,0,0,    28.2,    32.3,    26.3,     6.1,    38.2
Jurong Island,2024,2,18,1.8,1,1.6,1.8,    28.2,    32.2,    26.5,     5.6,    24.8
Jurong Island,2024,2,19,13,6.6,11,11,    27.7,    31.3,    25.3,     5.6,    46.5
Jurong Island,2024,2,20,0,0,0,0,    28.9,    33.4,    26.5,     7.3,    29.8
Jurong Island,2024,2,21,0.2,0.2,0.2,0.2,    28.7,    32.8,    27.0,     6.4,    25.6
Jurong Island,2024,2,22,0.4,0.4,0.4,0.4,    28.8,    32.3,    27.0,     7.0,    28.5
Jurong Island,2024,2,23,17.8,11,16,17.8,    28.2,    32.5,    24.6,     7.0,    28.5
Jurong Island,2024,2,24,1,1,1,1,    28.5,    31.0,    26.8,     6.0,    29.1
Jurong Island,2024,2,25,0,0,0,0,    29.4,    34.2,    26.5,     7.1,    37.4
Jurong Island,2024,2,26,0,0,0,0,    29.2,    33.3,    27.0,     7.8,    43.5
Jurong Island,2024,2,27,0.2,0.2,0.2,0.2,    28.4,    30.7,    27.4,     6.5,    34.3
Jurong Island,2024,2,28,0,0,0,0,    29.3,    33.7,    27.0,     7.2,    35.9
Jurong Island,2024,2,29,0,0,0,0,    29.9,    35.6,    26.5,     6.2,    40.0
Nicoll Highway,2024,2,1,0,0,0,0,-,-,-,-,-
Nicoll Highway,2024,2,2,5.2,3.2,5,5.2,-,-,-,-,-
Nicoll Highway,2024,2,3,20.6,20.2,20.2,20.2,-,-,-,-,-
Nicoll Highway,2024,2,4,0,0,0,0,-,-,-,-,-
Nicoll Highway,2024,2,5,0,0,0,0,-,-,-,-,-
Nicoll Highway,2024,2,6,0,0,0,0,-,-,-,-,-
Nicoll Highway,2024,2,7,0,0,0,0,-,-,-,-,-
Nicoll Highway,2024,2,8,0.8,0.4,0.4,0.8,-,-,-,-,-
Nicoll Highway,2024,2,9,21.4,16.6,17.2,21.4,-,-,-,-,-
Nicoll Highway,2024,2,10,13,6.2,8.2,11.4,-,-,-,-,-
Nicoll Highway,2024,2,11,7.2,6,7,8.4,-,-,-,-,-
Nicoll Highway,2024,2,12,5.8,1.8,3.2,7,-,-,-,-,-
Nicoll Highway,2024,2,13,7.8,5.8,6.2,6.2,-,-,-,-,-
Nicoll Highway,2024,2,14,0.2,0.2,0.2,0.2,-,-,-,-,-
Nicoll Highway,2024,2,15,4.8,3.4,3.4,3.8,-,-,-,-,-
Nicoll Highway,2024,2,16,0,0,0,0,-,-,-,-,-
Nicoll Highway,2024,2,17,0,0,0,0,-,-,-,-,-
Nicoll Highway,2024,2,18,0,0,0,0,-,-,-,-,-
Nicoll Highway,2024,2,19,0,0,0,0,-,-,-,-,-
Nicoll Highway,2024,2,20,0,0,0,0,-,-,-,-,-
Nicoll Highway,2024,2,21,0,0,0,0,-,-,-,-,-
Nicoll Highway,2024,2,22,1,1,1,1,-,-,-,-,-
Nicoll Highway,2024,2,23,0,0,0,0,-,-,-,-,-
Nicoll Highway,2024,2,24,0,0,0,0,-,-,-,-,-
Nicoll Highway,2024,2,25,0,0,0,0,-,-,-,-,-
Nicoll Highway,2024,2,26,0,0,0,0,-,-,-,-,-
Nicoll Highway,2024,2,27,0.4,0.4,0.4,0.4,-,-,-,-,-
Nicoll Highway,2024,2,28,0,0,0,0,-,-,-,-,-
Nicoll Highway,2024,2,29,0,0,0,0,-,-,-,-,-
Botanic Garden,2024,2,1,0,0,0,0,-,-,-,-,-
Botanic Garden,2024,2,2,18.6,6.2,11,17,-,-,-,-,-
Botanic Garden,2024,2,3,12.4,9.4,9.8,12,-,-,-,-,-
Botanic Garden,2024,2,4,0.2,0.2,0.2,0.2,-,-,-,-,-
Botanic Garden,2024,2,5,0,0,0,0,-,-,-,-,-
Botanic Garden,2024,2,6,0,0,0,0,-,-,-,-,-
Botanic Garden,2024,2,7,0,0,0,0,-,-,-,-,-
Botanic Garden,2024,2,8,1.4,1.4,1.4,1.4,-,-,-,-,-
Botanic Garden,2024,2,9,41.4,23.8,38.2,41.4,-,-,-,-,-
Botanic Garden,2024,2,10,31.8,27.4,30.2,31.6,-,-,-,-,-
Botanic Garden,2024,2,11,2.4,1.4,3.2,30.4,-,-,-,-,-
Botanic Garden,2024,2,12,3.6,2.4,2.6,3.4,-,-,-,-,-
Botanic Garden,2024,2,13,14.2,9.6,10.6,12.6,-,-,-,-,-
Botanic Garden,2024,2,14,1.2,0.6,0.6,0.6,-,-,-,-,-
Botanic Garden,2024,2,15,7,5.6,5.6,6.6,-,-,-,-,-
Botanic Garden,2024,2,16,0,0,0,0,-,-,-,-,-
Botanic Garden,2024,2,17,0,0,0,0,-,-,-,-,-
Botanic Garden,2024,2,18,0,0,0,0,-,-,-,-,-
Botanic Garden,2024,2,19,0,0,0,0,-,-,-,-,-
Botanic Garden,2024,2,20,8.6,6,8.4,8.4,-,-,-,-,-
Botanic Garden,2024,2,21,0.4,0.4,0.4,0.4,-,-,-,-,-
Botanic Garden,2024,2,22,29.2,21.6,27.6,29.2,-,-,-,-,-
Botanic Garden,2024,2,23,0,0,0,0,-,-,-,-,-
Botanic Garden,2024,2,24,0,0,0,0,-,-,-,-,-
Botanic Garden,2024,2,25,0,0,0,0,-,-,-,-,-
Botanic Garden,2024,2,26,0,0,0,0,-,-,-,-,-
Botanic Garden,2024,2,27,1.2,0.6,0.8,1,-,-,-,-,-
Botanic Garden,2024,2,28,0,0,0,0,-,-,-,-,-
Botanic Garden,2024,2,29,0,0,0,0,-,-,-,-,-
Choa Chu Kang (South),2024,2,1,0,0,0,0,    28.1,    32.6,    26.2,     9.9,    29.1
Choa Chu Kang (South),2024,2,2,40,20.6,27.8,34,    27.3,    33.3,    24.9,     7.0,    33.2
Choa Chu Kang (South),2024,2,3,39,34,37.4,39,    27.6,    33.6,    24.2,     7.7,    28.5
Choa Chu Kang (South),2024,2,4,0.2,0.2,0.2,0.2,    28.1,    33.6,    24.8,     5.7,    22.6
Choa Chu Kang (South),2024,2,5,1.4,1.4,1.4,1.4,    28.4,    34.5,    24.9,     7.6,    30.2
Choa Chu Kang (South),2024,2,6,0,0,0,0,    28.4,    33.4,    25.0,     5.8,    23.7
Choa Chu Kang (South),2024,2,7,1,0.8,1,1,    28.0,    32.9,    25.6,     6.7,    29.1
Choa Chu Kang (South),2024,2,8,4.4,3.2,4.4,4.4,    28.1,    34.1,    25.6,     6.1,    26.7
Choa Chu Kang (South),2024,2,9,11.2,5.6,7.2,10.6,    27.6,    33.4,    25.3,     7.2,    24.4
Choa Chu Kang (South),2024,2,10,11.6,10.6,11.4,11.4,    27.3,    32.1,    23.8,     9.3,    42.4
Choa Chu Kang (South),2024,2,11,0,0.2,0.2,10.8,    27.7,    31.8,    24.9,     8.8,    38.9
Choa Chu Kang (South),2024,2,12,7.4,5.4,5.4,5.4,    26.8,    30.6,    24.6,     8.2,    38.5
Choa Chu Kang (South),2024,2,13,8.2,4.2,5.8,6.2,    26.5,    29.4,    24.7,     8.8,    46.1
Choa Chu Kang (South),2024,2,14,15.4,7.8,7.8,8,    27.2,    31.7,    24.9,     8.6,    36.7
Choa Chu Kang (South),2024,2,15,2.2,1,1,2,    26.9,    29.7,    25.7,     8.5,    33.9
Choa Chu Kang (South),2024,2,16,0,0,0,0,    27.9,    31.5,    26.0,    12.0,    42.0
Choa Chu Kang (South),2024,2,17,1.4,1.4,1.4,1.4,    27.3,    31.5,    24.8,     8.6,    35.2
Choa Chu Kang (South),2024,2,18,2.6,2.6,2.6,2.6,    28.1,    32.4,    25.6,     8.1,    25.6
Choa Chu Kang (South),2024,2,19,0.2,0.2,0.2,0.2,    28.0,    32.6,    25.7,     8.1,    27.8
Choa Chu Kang (South),2024,2,20,1,0.8,0.8,0.8,    28.6,    34.3,    26.0,     7.8,    28.5
Choa Chu Kang (South),2024,2,21,12.2,12,12,12,    27.8,    33.5,    24.2,     6.3,    39.6
Choa Chu Kang (South),2024,2,22,17,14.2,16.2,16.8,    28.2,    33.8,    26.0,     5.7,    28.5
Choa Chu Kang (South),2024,2,23,30.6,17,22.6,30.6,    27.8,    32.9,    24.5,     8.6,    28.5
Choa Chu Kang (South),2024,2,24,0.2,0.2,0.2,0.2,    28.1,    31.7,    25.9,     8.9,    30.9
Choa Chu Kang (South),2024,2,25,0,0,0,0,    28.8,    33.3,    25.7,    11.0,    34.3
Choa Chu Kang (South),2024,2,26,0,0,0,0,    28.6,    32.3,    26.1,    12.1,    35.2
Choa Chu Kang (South),2024,2,27,0.6,0.4,0.4,0.4,    28.0,    30.3,    26.8,    10.5,    35.0
Choa Chu Kang (South),2024,2,28,0,0,0,0,    28.4,    32.2,    26.5,    11.9,    38.2
Choa Chu Kang (South),2024,2,29,0,0,0,0,    29.0,    34.1,    25.5,     8.9,    30.2
Whampoa,2024,2,1,0,0,0,0,-,-,-,-,-
Whampoa,2024,2,2,22.8,21.2,22.8,22.8,-,-,-,-,-
Whampoa,2024,2,3,0,0,0,0,-,-,-,-,-
Whampoa,2024,2,4,0,0,0,0,-,-,-,-,-
Whampoa,2024,2,5,0,0,0,0,-,-,-,-,-
Whampoa,2024,2,6,0,0,0,0,-,-,-,-,-
Whampoa,2024,2,7,0,0,0,0,-,-,-,-,-
Whampoa,2024,2,8,10.4,9.4,9.6,10.2,-,-,-,-,-
Whampoa,2024,2,9,19.4,11,14.2,19,-,-,-,-,-
Whampoa,2024,2,10,22.6,17.4,21.2,22.4,-,-,-,-,-
Whampoa,2024,2,11,5.6,4.6,5.6,21.6,-,-,-,-,-
Whampoa,2024,2,12,2.2,1,1.2,5.6,-,-,-,-,-
Whampoa,2024,2,13,10.6,7.2,7.4,8,-,-,-,-,-
Whampoa,2024,2,14,0.2,0.2,0.2,0.2,-,-,-,-,-
Whampoa,2024,2,15,9.4,7.8,7.8,8.2,-,-,-,-,-
Whampoa,2024,2,16,0,0,0,0,-,-,-,-,-
Whampoa,2024,2,17,0,0,0,0,-,-,-,-,-
Whampoa,2024,2,18,0,0,0,0,-,-,-,-,-
Whampoa,2024,2,19,0,0,0,0,-,-,-,-,-
Whampoa,2024,2,20,0,0,0,0,-,-,-,-,-
Whampoa,2024,2,21,1.4,1.4,1.4,1.4,-,-,-,-,-
Whampoa,2024,2,22,8,6.8,6.8,7,-,-,-,-,-
Whampoa,2024,2,23,0,0,0,0,-,-,-,-,-
Whampoa,2024,2,24,0,0,0,0,-,-,-,-,-
Whampoa,2024,2,25,0,0,0,0,-,-,-,-,-
Whampoa,2024,2,26,0,0,0,0,-,-,-,-,-
Whampoa,2024,2,27,0.2,0.2,0.2,0.2,-,-,-,-,-
Whampoa,2024,2,28,0,0,0,0,-,-,-,-,-
Whampoa,2024,2,29,0,0,0,0,-,-,-,-,-
Changi,2024,2,1,0,0,0,0,    28.1,    31.9,    26.1,    17.2,    42.6
Changi,2024,2,2,0,0,0,0,    28.2,    31.5,    26.0,    16.0,    44.4
Changi,2024,2,3,0,0,0,0,    28.5,    32.6,    26.1,    15.5,    40.7
Changi,2024,2,4,0,0,0,0,    28.3,    32.7,    25.3,    14.7,    35.2
Changi,2024,2,5,0,0,0,0,    28.2,    32.7,    25.2,    14.9,    42.6
Changi,2024,2,6,10.6,6.4,10.4,10.6,    28.1,    32.9,    25.6,    12.6,    38.9
Changi,2024,2,7,0,0,0,0,    28.3,    32.6,    25.7,    14.1,    38.9
Changi,2024,2,8,0,0,0,0,    28.4,    33.1,    25.9,    12.9,    35.2
Changi,2024,2,9,0,0,0,0,    28.4,    32.6,    26.0,    13.7,    37.0
Changi,2024,2,10,5.4,2,3,4.6,    27.6,    32.3,    24.4,    15.4,    40.7
Changi,2024,2,11,16.2,7.2,11.2,15.8,    27.8,    31.8,    24.3,    17.2,    55.6
Changi,2024,2,12,14.2,5.4,9.4,10.8,    26.6,    30.2,    24.6,    14.9,    61.1
Changi,2024,2,13,4.4,1.8,2,2.2,    27.1,    30.1,    25.0,    17.0,    48.2
Changi,2024,2,14,2,1.2,1.2,1.6,    27.9,    31.7,    25.7,    16.5,    44.4
Changi,2024,2,15,6,5,5.2,5.2,    27.1,    30.6,    25.4,    15.7,    44.4
Changi,2024,2,16,0,0,0,0,    28.0,    31.8,    26.2,    18.2,    51.9
Changi,2024,2,17,0.2,0.2,0.2,0.2,    27.8,    31.4,    26.1,    14.9,    53.7
Changi,2024,2,18,0,0,0,0,    28.4,    32.3,    26.1,    15.4,    35.2
Changi,2024,2,19,0,0,0,0,    28.6,    32.5,    26.0,    15.2,    37.0
Changi,2024,2,20,0,0,0,0,    28.9,    33.0,    26.4,    14.9,    35.2
Changi,2024,2,21,0.2,0.2,0.2,0.2,    28.7,    33.4,    26.2,    13.3,    40.7
Changi,2024,2,22,0,0,0,0,    28.6,    32.2,    26.3,    12.1,    35.2
Changi,2024,2,23,0,0,0,0,    28.7,    32.3,    26.4,    16.3,    38.9
Changi,2024,2,24,0,0,0,0,    28.5,    31.9,    26.0,    16.6,    42.6
Changi,2024,2,25,0,0,0,0,    29.0,    33.2,    26.3,    17.2,    40.7
Changi,2024,2,26,0,0,0,0,    28.9,    32.9,    26.5,    20.5,    48.2
Changi,2024,2,27,1,1,1,1,    28.1,    30.9,    27.1,    14.9,    38.9
Changi,2024,2,28,0,0,0,0,    28.8,    32.6,    26.7,    19.8,    44.4
Changi,2024,2,29,0,0,0,0,    28.9,    33.4,    26.0,    17.7,    44.4
Seletar,2024,2,1,0,0,0,0,    28.0,    33.0,    25.9,    15.8,    38.9
Seletar,2024,2,2,0,0,0,0,    28.2,    32.8,    25.7,    14.8,    33.3
Seletar,2024,2,3,0,0,0,0,    28.4,    34.0,    25.6,    15.2,    35.2
Seletar,2024,2,4,0,0,0,0,    28.5,    33.3,    25.2,    10.7,    29.6
Seletar,2024,2,5,0,0,0,0,    28.4,    34.0,    24.8,    14.4,    37.0
Seletar,2024,2,6,52.6,43.8,52.4,52.6,    28.1,    33.7,    25.2,    10.0,    37.0
Seletar,2024,2,7,0,0,0,0,    28.2,    33.1,    25.6,    12.3,    33.3
Seletar,2024,2,8,0.8,0.8,0.8,0.8,    28.2,    33.7,    25.6,    10.1,    29.6
Seletar,2024,2,9,30.4,21,21.4,27,    27.4,    32.4,    25.1,    12.2,    40.7
Seletar,2024,2,10,9,7.6,8,8.8,    27.6,    32.6,    24.5,    12.9,    37.0
Seletar,2024,2,11,0.6,0.2,0.4,8.2,    27.9,    32.3,    25.3,    16.3,    46.3
Seletar,2024,2,12,5.2,4,4.2,5,    27.0,    29.7,    25.2,    15.2,    50.0
Seletar,2024,2,13,10.8,6,6,6.4,    26.8,    29.8,    24.6,    16.1,    44.4
Seletar,2024,2,14,8,2,2.4,2.8,    27.4,    32.3,    24.8,    14.4,    44.4
Seletar,2024,2,15,15.8,12.4,13.8,13.8,    27.0,    29.3,    25.5,    13.3,    44.4
Seletar,2024,2,16,0,0,0,0,    27.8,    32.1,    26.0,    18.1,    46.3
Seletar,2024,2,17,0,0,0,0,    27.8,    31.7,    25.4,    14.1,    42.6
Seletar,2024,2,18,0,0,0,0,    28.1,    32.1,    25.4,    13.9,    29.6
Seletar,2024,2,19,0,0,0,0,    28.6,    33.1,    25.8,    15.0,    33.3
Seletar,2024,2,20,0,0,0,0,    28.7,    33.4,    25.9,    13.1,    29.6
Seletar,2024,2,21,1.8,1.4,1.6,1.8,    28.0,    33.4,    25.9,    11.6,    33.3
Seletar,2024,2,22,0,0,0,0,    28.3,    33.2,    25.7,    10.6,    31.5
Seletar,2024,2,23,0,0,0,0,    28.4,    32.9,    25.8,    16.1,    35.2
Seletar,2024,2,24,0,0,0,0,    28.3,    31.9,    26.0,    15.2,    35.2
Seletar,2024,2,25,0,0,0,0,    28.7,    33.8,    25.4,    16.3,    40.7
Seletar,2024,2,26,0,0,0,0,    28.7,    33.6,    25.8,    17.9,    46.3
Seletar,2024,2,27,0,0,0,0,    28.2,    31.2,    26.6,    16.4,    38.9
Seletar,2024,2,28,0,0,0,0,    28.7,    32.9,    26.1,    19.5,    42.6
Seletar,2024,2,29,0,0,0,0,    29.1,    34.2,    25.7,    16.4,    37.0
Pasir Ris (West),2024,2,1,0,0,0,0,-,-,-,-,-
Pasir Ris (West),2024,2,2,0,0,0,0,-,-,-,-,-
Pasir Ris (West),2024,2,3,0,0,0,0,-,-,-,-,-
Pasir Ris (West),2024,2,4,0,0,0,0,-,-,-,-,-
Pasir Ris (West),2024,2,5,0,0,0,0,-,-,-,-,-
Pasir Ris (West),2024,2,6,11.2,8,10.2,11.2,-,-,-,-,-
Pasir Ris (West),2024,2,7,0,0,0,0,-,-,-,-,-
Pasir Ris (West),2024,2,8,0,0,0,0,-,-,-,-,-
Pasir Ris (West),2024,2,9,5.6,5.4,5.4,5.6,-,-,-,-,-
Pasir Ris (West),2024,2,10,6.6,2.8,3,5.8,-,-,-,-,-
Pasir Ris (West),2024,2,11,12.8,9.2,11,12.2,-,-,-,-,-
Pasir Ris (West),2024,2,12,6,1.4,2.2,10.8,-,-,-,-,-
Pasir Ris (West),2024,2,13,17.2,16,16.2,16.4,-,-,-,-,-
Pasir Ris (West),2024,2,14,2.2,0.8,0.8,1,-,-,-,-,-
Pasir Ris (West),2024,2,15,9.6,7,7.4,7.8,-,-,-,-,-
Pasir Ris (West),2024,2,16,0.2,0.2,0.2,0.2,-,-,-,-,-
Pasir Ris (West),2024,2,17,0,0,0,0,-,-,-,-,-
Pasir Ris (West),2024,2,18,0,0,0,0,-,-,-,-,-
Pasir Ris (West),2024,2,19,0,0,0,0,-,-,-,-,-
Pasir Ris (West),2024,2,20,0,0,0,0,-,-,-,-,-
Pasir Ris (West),2024,2,21,0.8,0.4,0.4,0.8,-,-,-,-,-
Pasir Ris (West),2024,2,22,0,0,0,0,-,-,-,-,-
Pasir Ris (West),2024,2,23,0,0,0,0,-,-,-,-,-
Pasir Ris (West),2024,2,24,0,0,0,0,-,-,-,-,-
Pasir Ris (West),2024,2,25,0,0,0,0,-,-,-,-,-
Pasir Ris (West),2024,2,26,0,0,0,0,-,-,-,-,-
Pasir Ris (West),2024,2,27,2,1.4,1.4,1.8,-,-,-,-,-
Pasir Ris (West),2024,2,28,0,0,0,0,-,-,-,-,-
Pasir Ris (West),2024,2,29,0,0,0,0,-,-,-,-,-
Jurong Pier,2024,2,1,0,0,0,0,-,-,-,-,-
Jurong Pier,2024,2,2,16,10,13.4,16,-,-,-,-,-
Jurong Pier,2024,2,3,33.6,22.8,32.4,33.2,-,-,-,-,-
Jurong Pier,2024,2,4,0,0,0,0,-,-,-,-,-
Jurong Pier,2024,2,5,2.6,2.4,2.6,2.6,-,-,-,-,-
Jurong Pier,2024,2,6,0,0,0,0,-,-,-,-,-
Jurong Pier,2024,2,7,7.2,6.8,7,7.2,-,-,-,-,-
Jurong Pier,2024,2,8,0,0,0,0,-,-,-,-,-
Jurong Pier,2024,2,9,63.6,34.4,59.8,61.2,-,-,-,-,-
Jurong Pier,2024,2,10,7.4,3.6,6.8,7.2,-,-,-,-,-
Jurong Pier,2024,2,11,0.6,0.6,0.8,6.6,-,-,-,-,-
Jurong Pier,2024,2,12,4,3.2,3.2,3.2,-,-,-,-,-
Jurong Pier,2024,2,13,6,3,3.2,4,-,-,-,-,-
Jurong Pier,2024,2,14,17.6,5.2,5.2,6,-,-,-,-,-
Jurong Pier,2024,2,15,0.8,0.4,0.4,0.4,-,-,-,-,-
Jurong Pier,2024,2,16,0,0,0,0,-,-,-,-,-
Jurong Pier,2024,2,17,4.6,4.4,4.4,4.6,-,-,-,-,-
Jurong Pier,2024,2,18,0,0,0,0,-,-,-,-,-
Jurong Pier,2024,2,19,0.4,0.4,0.4,0.4,-,-,-,-,-
Jurong Pier,2024,2,20,0,0,0,0,-,-,-,-,-
Jurong Pier,2024,2,21,0,0,0,0,-,-,-,-,-
Jurong Pier,2024,2,22,0.2,0.2,0.2,0.2,-,-,-,-,-
Jurong Pier,2024,2,23,25.8,13.6,25.4,25.8,-,-,-,-,-
Jurong Pier,2024,2,24,0,0,0,0,-,-,-,-,-
Jurong Pier,2024,2,25,0,0,0,0,-,-,-,-,-
Jurong Pier,2024,2,26,0,0,0,0,-,-,-,-,-
Jurong Pier,2024,2,27,0.6,0.4,0.4,0.4,-,-,-,-,-
Jurong Pier,2024,2,28,0,0,0,0,-,-,-,-,-
Jurong Pier,2024,2,29,0,0,0,0,-,-,-,-,-
Ulu Pandan,2024,2,1,0,0,0,0,-,-,-,-,-
Ulu Pandan,2024,2,2,7.4,5,5.2,5.8,-,-,-,-,-
Ulu Pandan,2024,2,3,56.2,42,53.2,55.2,-,-,-,-,-
Ulu Pandan,2024,2,4,0,0,0,0,-,-,-,-,-
Ulu Pandan,2024,2,5,0,0,0,0,-,-,-,-,-
Ulu Pandan,2024,2,6,0,0,0,0,-,-,-,-,-
Ulu Pandan,2024,2,7,0.2,0.2,0.2,0.2,-,-,-,-,-
Ulu Pandan,2024,2,8,17.6,14.8,17.2,17.6,-,-,-,-,-
Ulu Pandan,2024,2,9,17,9.6,14.6,17,-,-,-,-,-
Ulu Pandan,2024,2,10,3.2,1.8,2.6,3.2,-,-,-,-,-
Ulu Pandan,2024,2,11,0.4,0.2,0.6,1.4,-,-,-,-,-
Ulu Pandan,2024,2,12,3,1.8,1.8,1.8,-,-,-,-,-
Ulu Pandan,2024,2,13,5.2,1.8,2,2.6,-,-,-,-,-
Ulu Pandan,2024,2,14,14.6,4.4,5,5.6,-,-,-,-,-
Ulu Pandan,2024,2,15,2.4,1.6,2,2.4,-,-,-,-,-
Ulu Pandan,2024,2,16,0,0,0,0,-,-,-,-,-
Ulu Pandan,2024,2,17,0.4,0.2,0.4,0.4,-,-,-,-,-
Ulu Pandan,2024,2,18,0,0,0,0,-,-,-,-,-
Ulu Pandan,2024,2,19,0,0,0,0,-,-,-,-,-
Ulu Pandan,2024,2,20,2,2,2,2,-,-,-,-,-
Ulu Pandan,2024,2,21,4.2,4,4,4,-,-,-,-,-
Ulu Pandan,2024,2,22,4.4,3.4,3.6,4.4,-,-,-,-,-
Ulu Pandan,2024,2,23,6.8,6.6,6.6,6.6,-,-,-,-,-
Ulu Pandan,2024,2,24,0.2,0.2,0.2,0.2,-,-,-,-,-
Ulu Pandan,2024,2,25,0,0,0,0,-,-,-,-,-
Ulu Pandan,2024,2,26,0,0,0,0,-,-,-,-,-
Ulu Pandan,2024,2,27,1.4,0.6,1,1,-,-,-,-,-
Ulu Pandan,2024,2,28,0,0,0,0,-,-,-,-,-
Ulu Pandan,2024,2,29,0,0,0,0,-,-,-,-,-
Mandai,2024,2,1,0,0,0,0,-,-,-,-,-
Mandai,2024,2,2,2.2,2,2.2,2.2,-,-,-,-,-
Mandai,2024,2,3,5.6,5.4,5.4,5.4,-,-,-,-,-
Mandai,2024,2,4,0,0,0,0,-,-,-,-,-
Mandai,2024,2,5,0,0,0,0,-,-,-,-,-
Mandai,2024,2,6,0.2,0.2,0.2,0.2,-,-,-,-,-
Mandai,2024,2,7,0,0,0,0,-,-,-,-,-
Mandai,2024,2,8,61.4,39.8,56.2,61.4,-,-,-,-,-
Mandai,2024,2,9,21.8,10.8,15.4,21.8,-,-,-,-,-
Mandai,2024,2,10,12.8,11,12.8,12.8,-,-,-,-,-
Mandai,2024,2,11,0,0,0,2,-,-,-,-,-
Mandai,2024,2,12,6.6,3,3,3.6,-,-,-,-,-
Mandai,2024,2,13,7,2.8,3.4,3.4,-,-,-,-,-
Mandai,2024,2,14,12.6,4.6,4.8,5,-,-,-,-,-
Mandai,2024,2,15,2.4,1.6,2.2,2.4,-,-,-,-,-
Mandai,2024,2,16,0,0,0,0,-,-,-,-,-
Mandai,2024,2,17,2.2,1.4,1.4,2,-,-,-,-,-
Mandai,2024,2,18,0,0,0,0,-,-,-,-,-
Mandai,2024,2,19,0,0,0,0,-,-,-,-,-
Mandai,2024,2,20,8.4,7.6,8.2,8.4,-,-,-,-,-
Mandai,2024,2,21,21.6,19,21.2,21.6,-,-,-,-,-
Mandai,2024,2,22,0,0,0,0,-,-,-,-,-
Mandai,2024,2,23,0,0,0,0,-,-,-,-,-
Mandai,2024,2,24,0,0,0,0,-,-,-,-,-
Mandai,2024,2,25,0,0,0,0,-,-,-,-,-
Mandai,2024,2,26,0,0,0,0,-,-,-,-,-
Mandai,2024,2,27,0.4,0.2,0.2,0.4,-,-,-,-,-
Mandai,2024,2,28,0,0,0,0,-,-,-,-,-
Mandai,2024,2,29,0,0,0,0,-,-,-,-,-
Tai Seng,2024,2,1,0,0,0,0,    28.2,    31.8,    26.2,    14.3,    37.4
Tai Seng,2024,2,2,0.6,0.6,0.6,0.6,    28.3,    31.5,    26.3,    13.4,    37.4
Tai Seng,2024,2,3,0,0,0,0,    28.5,    32.9,    26.3,    12.9,    40.0
Tai Seng,2024,2,4,0,0,0,0,    28.7,    33.0,    26.3,    11.4,    29.4
Tai Seng,2024,2,5,0,0,0,0,    28.6,    32.4,    26.0,    14.0,    39.3
Tai Seng,2024,2,6,31,29,30.6,31,    28.3,    32.9,    25.6,    10.4,    34.6
Tai Seng,2024,2,7,0.2,0.2,0.2,0.2,    28.6,    32.2,    26.7,    12.6,    35.9
Tai Seng,2024,2,8,1.8,1,1.6,1.8,    28.5,    32.8,    26.6,     9.9,    29.4
Tai Seng,2024,2,9,7,4.8,5.4,5.4,    27.8,    32.4,    26.1,    12.0,    33.2
Tai Seng,2024,2,10,12.8,5.4,8.2,11.8,    27.8,    32.0,    25.1,    13.2,    35.0
Tai Seng,2024,2,11,9.2,7.4,9,9,    28.0,    31.9,    24.9,    15.6,    46.5
Tai Seng,2024,2,12,5.2,1.6,1.8,9,    27.0,    29.2,    25.5,    13.7,    45.4
Tai Seng,2024,2,13,12.2,9.8,10.2,10.4,    27.1,    29.5,    24.3,    15.0,    46.5
Tai Seng,2024,2,14,0.8,0.4,0.4,0.4,    28.0,    31.6,    25.7,    13.2,    48.2
Tai Seng,2024,2,15,9.2,7.8,7.8,8.2,    27.4,    29.7,    25.0,    13.5,    40.7
Tai Seng,2024,2,16,1.2,1.2,1.2,1.2,    28.0,    31.2,    26.7,    16.0,    44.6
Tai Seng,2024,2,17,0,0,0,0,    28.1,    31.0,    26.3,    13.5,    40.7
Tai Seng,2024,2,18,0,0,0,0,    28.5,    32.5,    26.2,    12.7,    32.8
Tai Seng,2024,2,19,0,0,0,0,    28.8,    32.9,    26.5,    13.0,    35.2
Tai Seng,2024,2,20,0,0,0,0,    29.0,    32.9,    26.6,    12.3,    29.1
Tai Seng,2024,2,21,17.6,17.4,17.6,17.6,    28.5,    33.1,    25.2,    11.1,    30.2
Tai Seng,2024,2,22,0,0,0,0,    28.6,    33.0,    26.4,     9.3,    27.0
Tai Seng,2024,2,23,0,0,0,0,    28.5,    31.9,    26.4,    13.7,    34.3
Tai Seng,2024,2,24,0,0,0,0,    28.5,    32.1,    26.9,    14.1,    35.6
Tai Seng,2024,2,25,0,0,0,0,    28.8,    32.6,    26.4,    14.4,    35.6
Tai Seng,2024,2,26,0,0,0,0,    28.8,    32.2,    26.6,    15.7,    42.0
Tai Seng,2024,2,27,0.2,0.2,0.2,0.2,    28.4,    30.5,    27.2,    14.3,    35.6
Tai Seng,2024,2,28,0,0,0,0,    28.8,    32.1,    26.9,    16.4,    41.1
Tai Seng,2024,2,29,0,0,0,0,    29.3,    33.8,    27.0,    16.0,    41.5
Clementi,2024,2,1,0,0,0,0,    28.1,    32.5,    26.0,     7.3,    28.9
Clementi,2024,2,2,3.6,3.6,3.6,3.6,    27.7,    32.7,    25.9,     5.8,    34.6
Clementi,2024,2,3,55.8,38.8,53.8,54.6,    27.2,    33.8,    22.5,     6.5,    32.4
Clementi,2024,2,4,0,0,0,0,    28.2,    33.6,    24.9,     4.8,    24.8
Clementi,2024,2,5,0,0,0,0,    28.4,    34.1,    25.2,     6.1,    29.4
Clementi,2024,2,6,0,0,0,0,    28.3,    33.3,    25.3,     4.9,    22.0
Clementi,2024,2,7,0,0,0,0,    28.0,    32.6,    25.6,     5.6,    24.8
Clementi,2024,2,8,4.4,2.8,3.8,4.4,    27.8,    33.1,    25.8,     4.8,    26.3
Clementi,2024,2,9,27.2,15.4,24.2,27.2,    27.3,    32.8,    24.0,     5.4,    27.0
Clementi,2024,2,10,4.2,4,4.2,4.2,    27.6,    32.2,    24.5,     7.3,    30.9
Clementi,2024,2,11,0.4,0.2,2.6,4.2,    27.8,    32.3,    24.9,     7.5,    36.7
Clementi,2024,2,12,4,1.6,1.6,3,    26.6,    29.5,    24.3,     6.5,    38.2
Clementi,2024,2,13,10,6.4,6.4,7,    26.5,    30.0,    24.4,     7.3,    58.7
Clementi,2024,2,14,10.2,4,5.2,5.2,    27.1,    31.2,    24.8,     6.3,    32.4
Clementi,2024,2,15,4.4,2.4,3.6,4,    26.9,    29.9,    25.5,     6.4,    39.3
Clementi,2024,2,16,0,0,0,0,    27.9,    31.4,    26.1,     8.2,    41.9
Clementi,2024,2,17,0,0,0,0,    27.6,    31.2,    25.4,     6.8,    30.9
Clementi,2024,2,18,0,0,0,0,    28.1,    32.8,    25.4,     6.6,    25.9
Clementi,2024,2,19,0,0,0,0,    28.5,    33.7,    25.8,     7.1,    28.2
Clementi,2024,2,20,1.2,1.2,1.2,1.2,    28.6,    33.8,    25.9,     5.8,    24.1
Clementi,2024,2,21,7.8,7.8,7.8,7.8,    28.0,    34.4,    25.6,     4.8,    20.9
Clementi,2024,2,22,27.8,15,17.2,26.4,    27.7,    33.4,    24.1,     4.1,    28.2
Clementi,2024,2,23,0.6,0.6,0.6,0.6,    28.0,    32.4,    25.6,     6.3,    28.9
Clementi,2024,2,24,0.4,0.4,0.4,0.4,    28.1,    31.5,    26.0,     6.6,    27.4
Clementi,2024,2,25,0,0,0,0,    28.6,    33.4,    25.6,     8.4,    30.2
Clementi,2024,2,26,0,0,0,0,    28.4,    33.0,    26.2,     8.9,    35.2
Clementi,2024,2,27,1.4,0.8,0.8,1.2,    27.8,    30.4,    26.7,     7.0,    31.3
Clementi,2024,2,28,0,0,0,0,    28.4,    32.2,    26.2,     8.4,    35.9
Clementi,2024,2,29,0,0,0,0,    29.0,    34.2,    25.6,     7.3,    35.0
Sentosa Island,2024,2,1,0,0,0,0,    28.5,    32.8,    26.5,     5.0,    23.0
Sentosa Island,2024,2,2,15.2,7.8,8.4,8.6,    27.9,    33.7,    25.1,     4.7,    24.8
Sentosa Island,2024,2,3,19,14.2,17.2,18.6,    27.9,    35.1,    24.1,     5.8,    33.2
Sentosa Island,2024,2,4,0,0,0,0,    28.9,    34.0,    25.1,     6.3,    26.7
Sentosa Island,2024,2,5,0,0,0,0,    29.2,    34.9,    25.7,     4.6,    26.3
Sentosa Island,2024,2,6,0,0,0,0,    28.8,    34.1,    26.0,     4.6,    22.6
Sentosa Island,2024,2,7,3.2,3.2,3.2,3.2,    28.5,    33.4,    26.1,     5.0,    23.3
Sentosa Island,2024,2,8,0,0,0,0,    28.3,    32.3,    26.1,     5.3,    24.4
Sentosa Island,2024,2,9,27.4,19,21.6,23.6,    27.7,    32.0,    24.7,     5.1,    60.7
Sentosa Island,2024,2,10,10.4,6.4,8.2,9.8,    28.2,    33.0,    24.8,     5.5,    48.5
Sentosa Island,2024,2,11,3.6,2.8,3.2,9.2,    28.4,    33.8,    24.8,     7.1,    33.2
Sentosa Island,2024,2,12,3.4,1,1.4,3.4,    27.0,    29.3,    25.6,     6.3,    30.9
Sentosa Island,2024,2,13,5.8,4.6,5.6,5.6,    27.5,    30.5,    25.4,     5.7,    31.7
Sentosa Island,2024,2,14,1,0.6,0.6,0.6,    28.4,    32.4,    26.6,     5.6,    43.9
Sentosa Island,2024,2,15,3.8,3.4,3.6,3.8,    27.5,    29.7,    25.6,     4.9,    28.2
Sentosa Island,2024,2,16,0,0,0,0,    28.8,    33.3,    26.6,     5.6,    31.3
Sentosa Island,2024,2,17,0,0,0,0,    28.6,    33.3,    26.6,     5.2,    25.6
Sentosa Island,2024,2,18,0,0,0,0,    28.9,    33.0,    26.5,     5.1,    23.0
Sentosa Island,2024,2,19,0,0,0,0,    29.1,    32.7,    26.8,     5.3,    24.4
Sentosa Island,2024,2,20,0.6,0.2,0.4,0.6,    28.8,    33.0,    26.7,     5.9,    26.7
Sentosa Island,2024,2,21,0,0,0,0,    28.8,    33.4,    26.8,     5.1,    24.1
Sentosa Island,2024,2,22,0,0,0,0,    28.8,    32.7,    26.8,     5.0,    23.7
Sentosa Island,2024,2,23,0,0,0,0,    28.9,    32.8,    27.0,     4.8,    20.9
Sentosa Island,2024,2,24,0,0,0,0,    29.0,    31.9,    26.8,     4.5,    26.7
Sentosa Island,2024,2,25,0,0,0,0,    29.5,    34.8,    26.7,     5.4,    26.7
Sentosa Island,2024,2,26,0,0,0,0,    29.4,    33.9,    27.1,     6.4,    29.1
Sentosa Island,2024,2,27,3,2.4,2.6,2.6,    28.2,    31.5,    26.4,     5.2,    26.7
Sentosa Island,2024,2,28,0,0,0,0,    29.4,    33.8,    27.1,     5.9,    30.2
Sentosa Island,2024,2,29,0,0,0,0,    29.9,    35.0,    26.7,     5.2,    28.5
Bukit Panjang,2024,2,1,0,0,0,0,-,-,-,-,-
Bukit Panjang,2024,2,2,14.6,7.4,14.2,14.4,-,-,-,-,-
Bukit Panjang,2024,2,3,47.4,32.6,42.4,47.2,-,-,-,-,-
Bukit Panjang,2024,2,4,0.2,0.2,0.2,0.2,-,-,-,-,-
Bukit Panjang,2024,2,5,0,0,0,0,-,-,-,-,-
Bukit Panjang,2024,2,6,1,1,1,1,-,-,-,-,-
Bukit Panjang,2024,2,7,0,0,0,0,-,-,-,-,-
Bukit Panjang,2024,2,8,17.8,10.6,16.4,17.8,-,-,-,-,-
Bukit Panjang,2024,2,9,15.6,7,12.6,15.6,-,-,-,-,-
Bukit Panjang,2024,2,10,10.4,5.4,10.2,10.4,-,-,-,-,-
Bukit Panjang,2024,2,11,0,0,0.2,5.2,-,-,-,-,-
Bukit Panjang,2024,2,12,6.4,3,3,3.4,-,-,-,-,-
Bukit Panjang,2024,2,13,7.4,2,2.2,3.8,-,-,-,-,-
Bukit Panjang,2024,2,14,15.4,9.2,9.2,9.2,-,-,-,-,-
Bukit Panjang,2024,2,15,2.4,1.2,1.4,1.8,-,-,-,-,-
Bukit Panjang,2024,2,16,0,0,0,0,-,-,-,-,-
Bukit Panjang,2024,2,17,11.4,10.6,11.4,11.4,-,-,-,-,-
Bukit Panjang,2024,2,18,0,0,0,0,-,-,-,-,-
Bukit Panjang,2024,2,19,0,0,0,0,-,-,-,-,-
Bukit Panjang,2024,2,20,8.8,5.8,6,6.2,-,-,-,-,-
Bukit Panjang,2024,2,21,9.2,9.2,9.2,9.2,-,-,-,-,-
Bukit Panjang,2024,2,22,2.8,2.6,2.8,2.8,-,-,-,-,-
Bukit Panjang,2024,2,23,0,0,0,0,-,-,-,-,-
Bukit Panjang,2024,2,24,0.6,0.4,0.4,0.6,-,-,-,-,-
Bukit Panjang,2024,2,25,0,0,0,0,-,-,-,-,-
Bukit Panjang,2024,2,26,0,0,0,0,-,-,-,-,-
Bukit Panjang,2024,2,27,2.2,1,1.2,1.2,-,-,-,-,-
Bukit Panjang,2024,2,28,0,0,0,0,-,-,-,-,-
Bukit Panjang,2024,2,29,0,0,0,0,-,-,-,-,-
Kranji Reservoir,2024,2,1,0,0,0,0,-,-,-,-,-
Kranji Reservoir,2024,2,2,29.4,18.4,19,25.8,-,-,-,-,-
Kranji Reservoir,2024,2,3,16,15.8,16,16,-,-,-,-,-
Kranji Reservoir,2024,2,4,0,0,0,0,-,-,-,-,-
Kranji Reservoir,2024,2,5,0,0,0,0,-,-,-,-,-
Kranji Reservoir,2024,2,6,2,2,2,2,-,-,-,-,-
Kranji Reservoir,2024,2,7,0,0,0,0,-,-,-,-,-
Kranji Reservoir,2024,2,8,33,24,29.6,33,-,-,-,-,-
Kranji Reservoir,2024,2,9,9.4,3.8,4.6,8.2,-,-,-,-,-
Kranji Reservoir,2024,2,10,14.2,13.8,14.2,14.2,-,-,-,-,-
Kranji Reservoir,2024,2,11,0,0,0,14.2,-,-,-,-,-
Kranji Reservoir,2024,2,12,2.2,0.8,1.2,1.8,-,-,-,-,-
Kranji Reservoir,2024,2,13,5,1.8,2,2.2,-,-,-,-,-
Kranji Reservoir,2024,2,14,5.4,2.8,2.8,4.8,-,-,-,-,-
Kranji Reservoir,2024,2,15,1,1,1,1,-,-,-,-,-
Kranji Reservoir,2024,2,16,0,0,0,0,-,-,-,-,-
Kranji Reservoir,2024,2,17,1,1,1,1,-,-,-,-,-
Kranji Reservoir,2024,2,18,0,0,0,0,-,-,-,-,-
Kranji Reservoir,2024,2,19,3.4,2.2,3.2,3.2,-,-,-,-,-
Kranji Reservoir,2024,2,20,5.2,3,3.2,3.4,-,-,-,-,-
Kranji Reservoir,2024,2,21,63.6,48,63.4,63.6,-,-,-,-,-
Kranji Reservoir,2024,2,22,0,0,0,0,-,-,-,-,-
Kranji Reservoir,2024,2,23,0,0,0,0,-,-,-,-,-
Kranji Reservoir,2024,2,24,0.4,0.2,0.4,0.4,-,-,-,-,-
Kranji Reservoir,2024,2,25,0,0,0,0,-,-,-,-,-
Kranji Reservoir,2024,2,26,0,0,0,0,-,-,-,-,-
Kranji Reservoir,2024,2,27,1.2,1.2,1.2,1.2,-,-,-,-,-
Kranji Reservoir,2024,2,28,0,0,0,0,-,-,-,-,-
Kranji Reservoir,2024,2,29,0,0,0,0,-,-,-,-,-
Upper Peirce Reservoir,2024,2,1,0,0,0,0,-,-,-,-,-
Upper Peirce Reservoir,2024,2,2,0,0,0,0,-,-,-,-,-
Upper Peirce Reservoir,2024,2,3,8,6.8,7,7,-,-,-,-,-
Upper Peirce Reservoir,2024,2,4,0,0,0,0,-,-,-,-,-
Upper Peirce Reservoir,2024,2,5,0,0,0,0,-,-,-,-,-
Upper Peirce Reservoir,2024,2,6,0,0,0,0,-,-,-,-,-
Upper Peirce Reservoir,2024,2,7,0,0,0,0,-,-,-,-,-
Upper Peirce Reservoir,2024,2,8,18.4,8.6,9.4,18.4,-,-,-,-,-
Upper Peirce Reservoir,2024,2,9,44,18.5,31,44,-,-,-,-,-
Upper Peirce Reservoir,2024,2,10,4,3,3,4,-,-,-,-,-
Upper Peirce Reservoir,2024,2,11,0.6,0.4,1,3.2,-,-,-,-,-
Upper Peirce Reservoir,2024,2,12,6.5,2.5,2.5,5,-,-,-,-,-
Upper Peirce Reservoir,2024,2,13,11.5,4.5,4.5,6.5,-,-,-,-,-
Upper Peirce Reservoir,2024,2,14,13,4,4,5,-,-,-,-,-
Upper Peirce Reservoir,2024,2,15,6.5,3,5.5,6,-,-,-,-,-
Upper Peirce Reservoir,2024,2,16,0,0,0,0,-,-,-,-,-
Upper Peirce Reservoir,2024,2,17,1,1,1,1,-,-,-,-,-
Upper Peirce Reservoir,2024,2,18,0,0,0,0,-,-,-,-,-
Upper Peirce Reservoir,2024,2,19,0.2,0.2,0.2,0.2,-,-,-,-,-
Upper Peirce Reservoir,2024,2,20,8,7.5,7.5,7.5,-,-,-,-,-
Upper Peirce Reservoir,2024,2,21,16.5,15,16.5,16.5,-,-,-,-,-
Upper Peirce Reservoir,2024,2,22,39,36.5,38.5,39,-,-,-,-,-
Upper Peirce Reservoir,2024,2,23,0,0,0,0,-,-,-,-,-
Upper Peirce Reservoir,2024,2,24,0,0,0,0,-,-,-,-,-
Upper Peirce Reservoir,2024,2,25,0,0,0,0,-,-,-,-,-
Upper Peirce Reservoir,2024,2,26,0,0,0,0,-,-,-,-,-
Upper Peirce Reservoir,2024,2,27,0.8,0.4,0.8,0.8,-,-,-,-,-
Upper Peirce Reservoir,2024,2,28,0,0,0,0,-,-,-,-,-
Upper Peirce Reservoir,2024,2,29,0,0,0,0,-,-,-,-,-
Kent Ridge,2024,2,1,0,0,0,0,-,-,-,-,-
Kent Ridge,2024,2,2,3,2,2,2.4,-,-,-,-,-
Kent Ridge,2024,2,3,24.2,15.6,22.6,23.8,-,-,-,-,-
Kent Ridge,2024,2,4,0,0,0,0,-,-,-,-,-
Kent Ridge,2024,2,5,0,0,0,0,-,-,-,-,-
Kent Ridge,2024,2,6,0,0,0,0,-,-,-,-,-
Kent Ridge,2024,2,7,0.6,0.6,0.6,0.6,-,-,-,-,-
Kent Ridge,2024,2,8,1.2,1,1.2,1.2,-,-,-,-,-
Kent Ridge,2024,2,9,28.8,12.6,16.8,19.6,-,-,-,-,-
Kent Ridge,2024,2,10,14.6,13.2,14.6,14.6,-,-,-,-,-
Kent Ridge,2024,2,11,1.4,1.4,6.8,14.6,-,-,-,-,-
Kent Ridge,2024,2,12,3.8,2,2,3,-,-,-,-,-
Kent Ridge,2024,2,13,5.2,2,2,3.2,-,-,-,-,-
Kent Ridge,2024,2,14,1.2,0.6,0.6,0.6,-,-,-,-,-
Kent Ridge,2024,2,15,6,4.4,4.8,5.6,-,-,-,-,-
Kent Ridge,2024,2,16,0,0,0,0,-,-,-,-,-
Kent Ridge,2024,2,17,0,0,0,0,-,-,-,-,-
Kent Ridge,2024,2,18,0,0,0,0,-,-,-,-,-
Kent Ridge,2024,2,19,0,0,0,0,-,-,-,-,-
Kent Ridge,2024,2,20,0.2,0.2,0.2,0.2,-,-,-,-,-
Kent Ridge,2024,2,21,0,0,0,0,-,-,-,-,-
Kent Ridge,2024,2,22,4.8,4.8,4.8,4.8,-,-,-,-,-
Kent Ridge,2024,2,23,22,10.6,12.2,14.8,-,-,-,-,-
Kent Ridge,2024,2,24,0,0,0,0,-,-,-,-,-
Kent Ridge,2024,2,25,0,0,0,0,-,-,-,-,-
Kent Ridge,2024,2,26,0,0,0,0,-,-,-,-,-
Kent Ridge,2024,2,27,0,0,0,0,-,-,-,-,-
Kent Ridge,2024,2,28,0,0,0,0,-,-,-,-,-
Kent Ridge,2024,2,29,0,0,0,0,-,-,-,-,-
Queenstown,2024,2,1,0,0,0,0,-,-,-,-,-
Queenstown,2024,2,2,15.6,5,8.2,12,-,-,-,-,-
Queenstown,2024,2,3,7,3.6,4,6.6,-,-,-,-,-
Queenstown,2024,2,4,0,0,0,0,-,-,-,-,-
Queenstown,2024,2,5,0,0,0,0,-,-,-,-,-
Queenstown,2024,2,6,0,0,0,0,-,-,-,-,-
Queenstown,2024,2,7,0,0,0,0,-,-,-,-,-
Queenstown,2024,2,8,0.2,0.2,0.2,0.2,-,-,-,-,-
Queenstown,2024,2,9,39.4,20.8,34,37.6,-,-,-,-,-
Queenstown,2024,2,10,29,23.6,28,29,-,-,-,-,-
Queenstown,2024,2,11,2.4,1.4,6.8,28.4,-,-,-,-,-
Queenstown,2024,2,12,4,3,3.2,4,-,-,-,-,-
Queenstown,2024,2,13,9.6,6.8,7.2,8,-,-,-,-,-
Queenstown,2024,2,14,0,0,0,0,-,-,-,-,-
Queenstown,2024,2,15,4.8,3.2,3.2,4.2,-,-,-,-,-
Queenstown,2024,2,16,0,0,0,0,-,-,-,-,-
Queenstown,2024,2,17,0.8,0.8,0.8,0.8,-,-,-,-,-
Queenstown,2024,2,18,0,0,0,0,-,-,-,-,-
Queenstown,2024,2,19,0,0,0,0,-,-,-,-,-
Queenstown,2024,2,20,2.6,1.8,1.8,1.8,-,-,-,-,-
Queenstown,2024,2,21,0,0,0,0,-,-,-,-,-
Queenstown,2024,2,22,8.4,7.6,8.4,8.4,-,-,-,-,-
Queenstown,2024,2,23,1.4,1.4,1.4,1.4,-,-,-,-,-
Queenstown,2024,2,24,0,0,0,0,-,-,-,-,-
Queenstown,2024,2,25,0,0,0,0,-,-,-,-,-
Queenstown,2024,2,26,0,0,0,0,-,-,-,-,-
Queenstown,2024,2,27,2,1.6,1.8,1.8,-,-,-,-,-
Queenstown,2024,2,28,0,0,0,0,-,-,-,-,-
Queenstown,2024,2,29,0,0,0,0,-,-,-,-,-
Tanjong Katong,2024,2,1,0,0,0,0,-,-,-,-,-
Tanjong Katong,2024,2,2,0,0,0,0,-,-,-,-,-
Tanjong Katong,2024,2,3,0,0,0,0,-,-,-,-,-
Tanjong Katong,2024,2,4,0,0,0,0,-,-,-,-,-
Tanjong Katong,2024,2,5,0,0,0,0,-,-,-,-,-
Tanjong Katong,2024,2,6,18.6,18,18,18.2,-,-,-,-,-
Tanjong Katong,2024,2,7,0,0,0,0,-,-,-,-,-
Tanjong Katong,2024,2,8,1.8,0.8,1.2,1.2,-,-,-,-,-
Tanjong Katong,2024,2,9,0.8,0.8,0.8,0.8,-,-,-,-,-
Tanjong Katong,2024,2,10,11,8,9.6,10.4,-,-,-,-,-
Tanjong Katong,2024,2,11,10.4,6.8,9.4,10.2,-,-,-,-,-
Tanjong Katong,2024,2,12,11.2,3.6,3.8,9.6,-,-,-,-,-
Tanjong Katong,2024,2,13,15.4,14.6,15,15.2,-,-,-,-,-
Tanjong Katong,2024,2,14,0.2,0.2,0.2,0.2,-,-,-,-,-
Tanjong Katong,2024,2,15,5.4,4.6,4.6,4.8,-,-,-,-,-
Tanjong Katong,2024,2,16,0,0,0,0,-,-,-,-,-
Tanjong Katong,2024,2,17,0,0,0,0,-,-,-,-,-
Tanjong Katong,2024,2,18,0,0,0,0,-,-,-,-,-
Tanjong Katong,2024,2,19,0,0,0,0,-,-,-,-,-
Tanjong Katong,2024,2,20,0,0,0,0,-,-,-,-,-
Tanjong Katong,2024,2,21,4.8,4.6,4.8,4.8,-,-,-,-,-
Tanjong Katong,2024,2,22,0.2,0.2,0.2,0.2,-,-,-,-,-
Tanjong Katong,2024,2,23,0,0,0,0,-,-,-,-,-
Tanjong Katong,2024,2,24,0,0,0,0,-,-,-,-,-
Tanjong Katong,2024,2,25,0,0,0,0,-,-,-,-,-
Tanjong Katong,2024,2,26,0,0,0,0,-,-,-,-,-
Tanjong Katong,2024,2,27,1.6,1.2,1.4,1.6,-,-,-,-,-
Tanjong Katong,2024,2,28,0,0,0,0,-,-,-,-,-
Tanjong Katong,2024,2,29,0,0,0,0,-,-,-,-,-
Somerset (Road),2024,2,1,0,0,0,0,-,-,-,-,-
Somerset (Road),2024,2,2,15.6,10.2,14.6,15.2,-,-,-,-,-
Somerset (Road),2024,2,3,21,13.6,14,17.4,-,-,-,-,-
Somerset (Road),2024,2,4,0,0,0,0,-,-,-,-,-
Somerset (Road),2024,2,5,0,0,0,0,-,-,-,-,-
Somerset (Road),2024,2,6,0,0,0,0,-,-,-,-,-
Somerset (Road),2024,2,7,0,0,0,0,-,-,-,-,-
Somerset (Road),2024,2,8,0.4,0.2,0.2,0.4,-,-,-,-,-
Somerset (Road),2024,2,9,30.4,18.2,22,30.2,-,-,-,-,-
Somerset (Road),2024,2,10,24.6,18.6,24.2,24.6,-,-,-,-,-
Somerset (Road),2024,2,11,5.2,4.4,5,24.4,-,-,-,-,-
Somerset (Road),2024,2,12,3,1.2,1.2,5.2,-,-,-,-,-
Somerset (Road),2024,2,13,11.6,7.8,8.2,9,-,-,-,-,-
Somerset (Road),2024,2,14,0.2,0.2,0.2,0.2,-,-,-,-,-
Somerset (Road),2024,2,15,5.2,3.8,3.8,4.2,-,-,-,-,-
Somerset (Road),2024,2,16,0,0,0,0,-,-,-,-,-
Somerset (Road),2024,2,17,0.2,0.2,0.2,0.2,-,-,-,-,-
Somerset (Road),2024,2,18,0,0,0,0,-,-,-,-,-
Somerset (Road),2024,2,19,0,0,0,0,-,-,-,-,-
Somerset (Road),2024,2,20,2,1.8,2,2,-,-,-,-,-
Somerset (Road),2024,2,21,2.4,2.2,2.2,2.2,-,-,-,-,-
Somerset (Road),2024,2,22,14,8.6,13.4,14,-,-,-,-,-
Somerset (Road),2024,2,23,0,0,0,0,-,-,-,-,-
Somerset (Road),2024,2,24,0,0,0,0,-,-,-,-,-
Somerset (Road),2024,2,25,0,0,0,0,-,-,-,-,-
Somerset (Road),2024,2,26,0,0,0,0,-,-,-,-,-
Somerset (Road),2024,2,27,0.8,0.8,0.8,0.8,-,-,-,-,-
Somerset (Road),2024,2,28,0,0,0,0,-,-,-,-,-
Somerset (Road),2024,2,29,0,0,0,0,-,-,-,-,-
Sembawang,2024,2,1,0,0,0,0,    28.2,    32.3,    25.9,-,-
Sembawang,2024,2,2,0.8,0.8,0.8,0.8,    28.1,    32.7,    26.1,-,-
Sembawang,2024,2,3,0,0,0,0,    28.4,    34.0,    25.7,-,-
Sembawang,2024,2,4,0,0,0,0,    28.4,    33.5,    24.0,-,-
Sembawang,2024,2,5,0,0,0,0,    28.6,    33.7,    24.2,-,-
Sembawang,2024,2,6,16.1,14.3,15.7,15.7,    27.6,    34.1,    23.7,-,-
Sembawang,2024,2,7,0,0,0,0,    28.3,    33.3,    24.8,-,-
Sembawang,2024,2,8,7.2,7,7.2,7.2,    28.1,    33.4,    24.4,-,-
Sembawang,2024,2,9,10.3,7.6,8.2,8.4,    27.6,    32.6,    25.5,-,-
Sembawang,2024,2,10,5,4.8,5,5,    27.7,    32.6,    23.5,-,-
Sembawang,2024,2,11,0,0,0,0.2,    28.1,    32.4,    25.2,-,-
Sembawang,2024,2,12,4.4,1.8,1.8,2.6,    27.1,    30.1,    24.8,-,-
Sembawang,2024,2,13,6,2.2,2.6,2.6,    26.9,    29.5,    24.7,-,-
Sembawang,2024,2,14,7.8,3.6,3.8,4,    27.4,    31.6,    24.7,-,-
Sembawang,2024,2,15,4.2,3.2,3.8,3.8,    26.9,    29.5,    25.8,-,-
Sembawang,2024,2,16,0,0,0,0,    27.9,    31.9,    26.2,-,-
Sembawang,2024,2,17,0,0,0,0,    27.6,    31.8,    24.8,-,-
Sembawang,2024,2,18,0,0,0,0,    28.4,    32.3,    25.5,-,-
Sembawang,2024,2,19,0,0,0,0,    28.8,    33.7,    25.9,-,-
Sembawang,2024,2,20,0,0,0,0,    28.7,    33.3,    26.2,-,-
Sembawang,2024,2,21,10.3,8.8,9,10.3,    28.1,    34.0,    25.2,-,-
Sembawang,2024,2,22,2.2,2.2,2.2,2.2,    28.4,    33.1,    25.8,-,-
Sembawang,2024,2,23,0,0,0,0,    28.4,    32.3,    25.8,-,-
Sembawang,2024,2,24,0,0,0,0,    28.4,    32.0,    25.9,-,-
Sembawang,2024,2,25,0,0,0,0,    28.9,    34.0,    25.6,-,-
Sembawang,2024,2,26,0,0,0,0,    28.8,    32.9,    26.1,-,-
Sembawang,2024,2,27,0,0,0,0,    28.3,    31.1,    26.9,-,-
Sembawang,2024,2,28,0,0,0,0,    28.7,    32.6,    26.4,-,-
Sembawang,2024,2,29,0,0,0,0,    29.2,    33.9,    25.8,-,-
Punggol,2024,2,1,0,0,0,0,-,-,-,-,-
Punggol,2024,2,2,0,0,0,0,-,-,-,-,-
Punggol,2024,2,3,0,0,0,0,-,-,-,-,-
Punggol,2024,2,4,0,0,0,0,-,-,-,-,-
Punggol,2024,2,5,0,0,0,0,-,-,-,-,-
Punggol,2024,2,6,37.8,29.6,37.2,37.8,-,-,-,-,-
Punggol,2024,2,7,0,0,0,0,-,-,-,-,-
Punggol,2024,2,8,0,0,0,0,-,-,-,-,-
Punggol,2024,2,9,30.4,13.8,21.8,30.2,-,-,-,-,-
Punggol,2024,2,10,13.2,9.2,12,13,-,-,-,-,-
Punggol,2024,2,11,8.2,6.4,8,13,-,-,-,-,-
Punggol,2024,2,12,1.8,0.4,0.6,8,-,-,-,-,-
Punggol,2024,2,13,9.6,6,6.2,7,-,-,-,-,-
Punggol,2024,2,14,6.4,2.2,3.4,3.4,-,-,-,-,-
Punggol,2024,2,15,11.6,7.2,8.6,8.6,-,-,-,-,-
Punggol,2024,2,16,0,0,0,0,-,-,-,-,-
Punggol,2024,2,17,0,0,0,0,-,-,-,-,-
Punggol,2024,2,18,0,0,0,0,-,-,-,-,-
Punggol,2024,2,19,0,0,0,0,-,-,-,-,-
Punggol,2024,2,20,0,0,0,0,-,-,-,-,-
Punggol,2024,2,21,15.6,5.8,7.8,11.2,-,-,-,-,-
Punggol,2024,2,22,0,0,0,0,-,-,-,-,-
Punggol,2024,2,23,0,0,0,0,-,-,-,-,-
Punggol,2024,2,24,0,0,0,0,-,-,-,-,-
Punggol,2024,2,25,0,0,0,0,-,-,-,-,-
Punggol,2024,2,26,0,0,0,0,-,-,-,-,-
Punggol,2024,2,27,0.8,0.8,0.8,0.8,-,-,-,-,-
Punggol,2024,2,28,0,0,0,0,-,-,-,-,-
Punggol,2024,2,29,0,0,0,0,-,-,-,-,-
Simei,2024,2,1,0,0,0,0,-,-,-,-,-
Simei,2024,2,2,0,0,0,0,-,-,-,-,-
Simei,2024,2,3,0,0,0,0,-,-,-,-,-
Simei,2024,2,4,0,0,0,0,-,-,-,-,-
Simei,2024,2,5,0,0,0,0,-,-,-,-,-
Simei,2024,2,6,22.2,17.4,21.4,22.2,-,-,-,-,-
Simei,2024,2,7,0,0,0,0,-,-,-,-,-
Simei,2024,2,8,0,0,0,0,-,-,-,-,-
Simei,2024,2,9,4.6,4.2,4.6,4.6,-,-,-,-,-
Simei,2024,2,10,5.4,1.8,3,4.8,-,-,-,-,-
Simei,2024,2,11,12.8,6.8,9.8,11.8,-,-,-,-,-
Simei,2024,2,12,7.2,2.4,3.2,7.4,-,-,-,-,-
Simei,2024,2,13,12.8,9.8,10.2,10.4,-,-,-,-,-
Simei,2024,2,14,0.8,0.2,0.2,0.4,-,-,-,-,-
Simei,2024,2,15,10,9,9,9.4,-,-,-,-,-
Simei,2024,2,16,0,0,0,0,-,-,-,-,-
Simei,2024,2,17,0,0,0,0,-,-,-,-,-
Simei,2024,2,18,0,0,0,0,-,-,-,-,-
Simei,2024,2,19,0,0,0,0,-,-,-,-,-
Simei,2024,2,20,0,0,0,0,-,-,-,-,-
Simei,2024,2,21,0,0,0,0,-,-,-,-,-
Simei,2024,2,22,0.6,0.4,0.4,0.4,-,-,-,-,-
Simei,2024,2,23,0,0,0,0,-,-,-,-,-
Simei,2024,2,24,0,0,0,0,-,-,-,-,-
Simei,2024,2,25,0,0,0,0,-,-,-,-,-
Simei,2024,2,26,0,0,0,0,-,-,-,-,-
Simei,2024,2,27,1.6,0.8,0.8,0.8,-,-,-,-,-
Simei,2024,2,28,0,0,0,0,-,-,-,-,-
Simei,2024,2,29,0,0,0,0,-,-,-,-,-
Toa Payoh,2024,2,1,0,0,0,0,-,-,-,-,-
Toa Payoh,2024,2,2,16.2,15.2,16.2,16.2,-,-,-,-,-
Toa Payoh,2024,2,3,0,0,0,0,-,-,-,-,-
Toa Payoh,2024,2,4,0,0,0,0,-,-,-,-,-
Toa Payoh,2024,2,5,0,0,0,0,-,-,-,-,-
Toa Payoh,2024,2,6,0,0,0,0,-,-,-,-,-
Toa Payoh,2024,2,7,0,0,0,0,-,-,-,-,-
Toa Payoh,2024,2,8,5,3.2,4.2,5,-,-,-,-,-
Toa Payoh,2024,2,9,18.4,10,15.2,18,-,-,-,-,-
Toa Payoh,2024,2,10,23.6,18.4,22.8,23.2,-,-,-,-,-
Toa Payoh,2024,2,11,3.8,3,3.6,23.4,-,-,-,-,-
Toa Payoh,2024,2,12,4.8,2.8,2.8,4.2,-,-,-,-,-
Toa Payoh,2024,2,13,12,7.8,8.4,9.4,-,-,-,-,-
Toa Payoh,2024,2,14,1.4,0.6,0.6,0.6,-,-,-,-,-
Toa Payoh,2024,2,15,11.6,9.4,10,10.4,-,-,-,-,-
Toa Payoh,2024,2,16,0.6,0.4,0.4,0.4,-,-,-,-,-
Toa Payoh,2024,2,17,0,0,0,0,-,-,-,-,-
Toa Payoh,2024,2,18,0,0,0,0,-,-,-,-,-
Toa Payoh,2024,2,19,0,0,0,0,-,-,-,-,-
Toa Payoh,2024,2,20,1.8,1.8,1.8,1.8,-,-,-,-,-
Toa Payoh,2024,2,21,6,5.8,6,6,-,-,-,-,-
Toa Payoh,2024,2,22,0.2,0.2,0.2,0.2,-,-,-,-,-
Toa Payoh,2024,2,23,0,0,0,0,-,-,-,-,-
Toa Payoh,2024,2,24,0,0,0,0,-,-,-,-,-
Toa Payoh,2024,2,25,0,0,0,0,-,-,-,-,-
Toa Payoh,2024,2,26,0,0,0,0,-,-,-,-,-
Toa Payoh,2024,2,27,0,0,0,0,-,-,-,-,-
Toa Payoh,2024,2,28,0,0,0,0,-,-,-,-,-
Toa Payoh,2024,2,29,0,0,0,0,-,-,-,-,-
Tuas,2024,2,1,0.8,0.6,0.6,0.8,-,-,-,-,-
Tuas,2024,2,2,16.8,10.2,14.6,16.2,-,-,-,-,-
Tuas,2024,2,3,13.4,8,11.6,13.4,-,-,-,-,-
Tuas,2024,2,4,0,0,0,0,-,-,-,-,-
Tuas,2024,2,5,0,0,0,0,-,-,-,-,-
Tuas,2024,2,6,0,0,0,0,-,-,-,-,-
Tuas,2024,2,7,4.2,3.6,4,4.2,-,-,-,-,-
Tuas,2024,2,8,1,1,1,1,-,-,-,-,-
Tuas,2024,2,9,6.4,2.8,5.4,6,-,-,-,-,-
Tuas,2024,2,10,11.6,10.4,11.6,11.6,-,-,-,-,-
Tuas,2024,2,11,0.2,0.2,0.8,11.6,-,-,-,-,-
Tuas,2024,2,12,2.4,1.8,1.8,2,-,-,-,-,-
Tuas,2024,2,13,6.8,2.4,4.6,5.2,-,-,-,-,-
Tuas,2024,2,14,13.6,4.2,4.2,7.8,-,-,-,-,-
Tuas,2024,2,15,0.6,0.4,0.4,0.6,-,-,-,-,-
Tuas,2024,2,16,0,0,0,0,-,-,-,-,-
Tuas,2024,2,17,0,0,0,0,-,-,-,-,-
Tuas,2024,2,18,9.2,8.4,9,9.2,-,-,-,-,-
Tuas,2024,2,19,1.2,0.6,1,1.2,-,-,-,-,-
Tuas,2024,2,20,0,0,0,0,-,-,-,-,-
Tuas,2024,2,21,0.6,0.6,0.6,0.6,-,-,-,-,-
Tuas,2024,2,22,4.8,4.8,4.8,4.8,-,-,-,-,-
Tuas,2024,2,23,2,1.2,1.2,2,-,-,-,-,-
Tuas,2024,2,24,0,0,0,0,-,-,-,-,-
Tuas,2024,2,25,0,0,0,0,-,-,-,-,-
Tuas,2024,2,26,0,0,0,0,-,-,-,-,-
Tuas,2024,2,27,0.8,0.8,0.8,0.8,-,-,-,-,-
Tuas,2024,2,28,0,0,0,0,-,-,-,-,-
Tuas,2024,2,29,0,0,0,0,-,-,-,-,-
Bukit Timah,2024,2,1,0,0,0,0,-,-,-,-,-
Bukit Timah,2024,2,2,17.8,8.8,11.6,16.8,-,-,-,-,-
Bukit Timah,2024,2,3,15.4,11.4,11.8,14.8,-,-,-,-,-
Bukit Timah,2024,2,4,0,0,0,0,-,-,-,-,-
Bukit Timah,2024,2,5,0,0,0,0,-,-,-,-,-
Bukit Timah,2024,2,6,0,0,0,0,-,-,-,-,-
Bukit Timah,2024,2,7,0,0,0,0,-,-,-,-,-
Bukit Timah,2024,2,8,0.8,0.8,0.8,0.8,-,-,-,-,-
Bukit Timah,2024,2,9,33,19.8,30.4,33,-,-,-,-,-
Bukit Timah,2024,2,10,23.2,21.6,22.8,23.2,-,-,-,-,-
Bukit Timah,2024,2,11,1.8,1.2,1.8,23.2,-,-,-,-,-
Bukit Timah,2024,2,12,3.4,2.4,2.6,3.4,-,-,-,-,-
Bukit Timah,2024,2,13,8,4.8,5,6.2,-,-,-,-,-
Bukit Timah,2024,2,14,1.4,0.6,0.6,0.6,-,-,-,-,-
Bukit Timah,2024,2,15,7.8,6.2,6.4,7.2,-,-,-,-,-
Bukit Timah,2024,2,16,0,0,0,0,-,-,-,-,-
Bukit Timah,2024,2,17,0,0,0,0,-,-,-,-,-
Bukit Timah,2024,2,18,0,0,0,0,-,-,-,-,-
Bukit Timah,2024,2,19,0,0,0,0,-,-,-,-,-
Bukit Timah,2024,2,20,11.6,9.2,11.6,11.6,-,-,-,-,-
Bukit Timah,2024,2,21,0.4,0.4,0.4,0.4,-,-,-,-,-
Bukit Timah,2024,2,22,36.6,23.2,32.2,36.6,-,-,-,-,-
Bukit Timah,2024,2,23,0,0,0,0,-,-,-,-,-
Bukit Timah,2024,2,24,0,0,0,0,-,-,-,-,-
Bukit Timah,2024,2,25,0,0,0,0,-,-,-,-,-
Bukit Timah,2024,2,26,0,0,0,0,-,-,-,-,-
Bukit Timah,2024,2,27,1,0.6,0.8,0.8,-,-,-,-,-
Bukit Timah,2024,2,28,0,0,0,0,-,-,-,-,-
Bukit Timah,2024,2,29,0,0,0,0,-,-,-,-,-
Buona Vista,2024,2,1,0,0,0,0,-,-,-,-,-
Buona Vista,2024,2,2,3.8,1.4,2.4,2.6,-,-,-,-,-
Buona Vista,2024,2,3,12.8,8.2,10.4,12.2,-,-,-,-,-
Buona Vista,2024,2,4,0,0,0.2,0.2,-,-,-,-,-
Buona Vista,2024,2,5,0,0,0,0,-,-,-,-,-
Buona Vista,2024,2,6,0,0,0,0,-,-,-,-,-
Buona Vista,2024,2,7,0.4,0.4,0.4,0.4,-,-,-,-,-
Buona Vista,2024,2,8,0.2,0.2,0.2,0.2,-,-,-,-,-
Buona Vista,2024,2,9,43.8,18.4,23.4,26,-,-,-,-,-
Buona Vista,2024,2,10,18.8,16.8,18.4,18.8,-,-,-,-,-
Buona Vista,2024,2,11,1.6,1.4,7.2,18.8,-,-,-,-,-
Buona Vista,2024,2,12,3,1.6,1.8,2.6,-,-,-,-,-
Buona Vista,2024,2,13,6.6,4.8,5,5.8,-,-,-,-,-
Buona Vista,2024,2,14,1.4,0.6,0.6,0.6,-,-,-,-,-
Buona Vista,2024,2,15,5,3.4,3.6,4.6,-,-,-,-,-
Buona Vista,2024,2,16,0,0,0,0,-,-,-,-,-
Buona Vista,2024,2,17,0,0,0,0,-,-,-,-,-
Buona Vista,2024,2,18,0,0,0,0,-,-,-,-,-
Buona Vista,2024,2,19,4.8,4.8,4.8,4.8,-,-,-,-,-
Buona Vista,2024,2,20,0,0,0,0,-,-,-,-,-
Buona Vista,2024,2,21,0,0,0,0,-,-,-,-,-
Buona Vista,2024,2,22,1.4,1.4,1.4,1.4,-,-,-,-,-
Buona Vista,2024,2,23,25,11.2,15.2,17.6,-,-,-,-,-
Buona Vista,2024,2,24,0,0,0,0,-,-,-,-,-
Buona Vista,2024,2,25,0,0,0,0,-,-,-,-,-
Buona Vista,2024,2,26,0,0,0,0,-,-,-,-,-
Buona Vista,2024,2,27,2.2,1.2,1.2,2.2,-,-,-,-,-
Buona Vista,2024,2,28,0,0,0,0,-,-,-,-,-
Buona Vista,2024,2,29,0,0,0,0,-,-,-,-,-
Pasir Ris (Central),2024,2,1,0,0,0,0,-,-,-,-,-
Pasir Ris (Central),2024,2,2,0,0,0,0,-,-,-,-,-
Pasir Ris (Central),2024,2,3,0,0,0,0,-,-,-,-,-
Pasir Ris (Central),2024,2,4,0,0,0,0,-,-,-,-,-
Pasir Ris (Central),2024,2,5,0,0,0,0,-,-,-,-,-
Pasir Ris (Central),2024,2,6,19.8,11.6,17.2,19.8,-,-,-,-,-
Pasir Ris (Central),2024,2,7,0,0,0,0,-,-,-,-,-
Pasir Ris (Central),2024,2,8,0,0,0,0,-,-,-,-,-
Pasir Ris (Central),2024,2,9,10.6,10.6,10.6,10.6,-,-,-,-,-
Pasir Ris (Central),2024,2,10,8,3.4,4.4,6.8,-,-,-,-,-
Pasir Ris (Central),2024,2,11,13.2,9,11,13,-,-,-,-,-
Pasir Ris (Central),2024,2,12,8.4,2.4,3.8,9.8,-,-,-,-,-
Pasir Ris (Central),2024,2,13,19,15.2,17,17.6,-,-,-,-,-
Pasir Ris (Central),2024,2,14,2.2,1.8,1.8,2,-,-,-,-,-
Pasir Ris (Central),2024,2,15,9.4,7.8,7.8,8,-,-,-,-,-
Pasir Ris (Central),2024,2,16,0,0,0,0,-,-,-,-,-
Pasir Ris (Central),2024,2,17,0,0,0,0,-,-,-,-,-
Pasir Ris (Central),2024,2,18,0,0,0,0,-,-,-,-,-
Pasir Ris (Central),2024,2,19,0,0,0,0,-,-,-,-,-
Pasir Ris (Central),2024,2,20,0,0,0,0,-,-,-,-,-
Pasir Ris (Central),2024,2,21,0,0,0,0,-,-,-,-,-
Pasir Ris (Central),2024,2,22,0,0,0,0,-,-,-,-,-
Pasir Ris (Central),2024,2,23,0,0,0,0,-,-,-,-,-
Pasir Ris (Central),2024,2,24,0,0,0,0,-,-,-,-,-
Pasir Ris (Central),2024,2,25,0,0,0,0,-,-,-,-,-
Pasir Ris (Central),2024,2,26,0,0,0,0,-,-,-,-,-
Pasir Ris (Central),2024,2,27,3.6,3,3,3,-,-,-,-,-
Pasir Ris (Central),2024,2,28,0,0,0,0,-,-,-,-,-
Pasir Ris (Central),2024,2,29,0,0,0,0,-,-,-,-,-
